id,firstname,lastname,email,email2,profession
100,Gerianna,Havens,Gerianna.Havens@yopmail.com,Gerianna.Havens@gmail.com,developer
101,Edyth,Bahr,Edyth.Bahr@yopmail.com,Edyth.Bahr@gmail.com,worker
102,Heddie,Pozzy,Heddie.Pozzy@yopmail.com,Heddie.Pozzy@gmail.com,developer
103,Corly,Gower,Corly.Gower@yopmail.com,Corly.Gower@gmail.com,developer
104,Beverley,Wittie,Beverley.Wittie@yopmail.com,Beverley.Wittie@gmail.com,police officer
105,Calla,Garbe,Calla.Garbe@yopmail.com,Calla.Garbe@gmail.com,police officer
106,Edith,Dahlia,Edith.Dahlia@yopmail.com,Edith.Dahlia@gmail.com,developer
107,Annaliese,Mintz,Annaliese.Mintz@yopmail.com,Annaliese.Mintz@gmail.com,worker
108,Raina,McGrody,Raina.McGrody@yopmail.com,Raina.McGrody@gmail.com,doctor
109,Frances,Lilas,Frances.Lilas@yopmail.com,Frances.Lilas@gmail.com,developer
110,Ezmeralda,Publia,Ezmeralda.Publia@yopmail.com,Ezmeralda.Publia@gmail.com,developer
111,Elka,Iiette,Elka.Iiette@yopmail.com,Elka.Iiette@gmail.com,doctor
112,Lauryn,Harned,Lauryn.Harned@yopmail.com,Lauryn.Harned@gmail.com,worker
113,Ezmeralda,Carbo,Ezmeralda.Carbo@yopmail.com,Ezmeralda.Carbo@gmail.com,firefighter
114,Annice,Pyle,Annice.Pyle@yopmail.com,Annice.Pyle@gmail.com,doctor
115,Philis,Pitt,Philis.Pitt@yopmail.com,Philis.Pitt@gmail.com,developer
116,Rebeca,Sparhawk,Rebeca.Sparhawk@yopmail.com,Rebeca.Sparhawk@gmail.com,worker
117,Nickie,Lacombe,Nickie.Lacombe@yopmail.com,Nickie.Lacombe@gmail.com,developer
118,Donetta,Yusuk,Donetta.Yusuk@yopmail.com,Donetta.Yusuk@gmail.com,doctor
119,Florencia,Alejoa,Florencia.Alejoa@yopmail.com,Florencia.Alejoa@gmail.com,firefighter
120,Tarra,Sprage,Tarra.Sprage@yopmail.com,Tarra.Sprage@gmail.com,police officer
121,Blake,Anselmi,Blake.Anselmi@yopmail.com,Blake.Anselmi@gmail.com,police officer
122,Cristabel,Daegal,Cristabel.Daegal@yopmail.com,Cristabel.Daegal@gmail.com,police officer
123,Fawne,Cimbura,Fawne.Cimbura@yopmail.com,Fawne.Cimbura@gmail.com,doctor
124,Randa,Madox,Randa.Madox@yopmail.com,Randa.Madox@gmail.com,doctor
125,Renae,Sacken,Renae.Sacken@yopmail.com,Renae.Sacken@gmail.com,doctor
126,Monika,Forrer,Monika.Forrer@yopmail.com,Monika.Forrer@gmail.com,police officer
127,Lita,Gombach,Lita.Gombach@yopmail.com,Lita.Gombach@gmail.com,doctor
128,Concettina,Meli,Concettina.Meli@yopmail.com,Concettina.Meli@gmail.com,firefighter
129,Melanie,Ovid,Melanie.Ovid@yopmail.com,Melanie.Ovid@gmail.com,worker
130,Shel,Etom,Shel.Etom@yopmail.com,Shel.Etom@gmail.com,firefighter
131,Clarice,Hathaway,Clarice.Hathaway@yopmail.com,Clarice.Hathaway@gmail.com,firefighter
132,Zia,Tatianas,Zia.Tatianas@yopmail.com,Zia.Tatianas@gmail.com,developer
133,Audrie,Richers,Audrie.Richers@yopmail.com,Audrie.Richers@gmail.com,developer
134,Blake,Wyn,Blake.Wyn@yopmail.com,Blake.Wyn@gmail.com,police officer
135,Shel,Thilda,Shel.Thilda@yopmail.com,Shel.Thilda@gmail.com,worker
136,Ardys,Timon,Ardys.Timon@yopmail.com,Ardys.Timon@gmail.com,developer
137,Jeanna,Wilona,Jeanna.Wilona@yopmail.com,Jeanna.Wilona@gmail.com,firefighter
138,Miquela,Durware,Miquela.Durware@yopmail.com,Miquela.Durware@gmail.com,worker
139,Nadine,Ietta,Nadine.Ietta@yopmail.com,Nadine.Ietta@gmail.com,worker
140,Correy,Holtz,Correy.Holtz@yopmail.com,Correy.Holtz@gmail.com,police officer
141,Jolyn,Reidar,Jolyn.Reidar@yopmail.com,Jolyn.Reidar@gmail.com,police officer
142,Theodora,Rogerio,Theodora.Rogerio@yopmail.com,Theodora.Rogerio@gmail.com,doctor
143,Kelly,Skurnik,Kelly.Skurnik@yopmail.com,Kelly.Skurnik@gmail.com,developer
144,Nollie,Sandye,Nollie.Sandye@yopmail.com,Nollie.Sandye@gmail.com,developer
145,Letizia,Giff,Letizia.Giff@yopmail.com,Letizia.Giff@gmail.com,worker
146,Kimmy,Simmonds,Kimmy.Simmonds@yopmail.com,Kimmy.Simmonds@gmail.com,firefighter
147,Di,Seagraves,Di.Seagraves@yopmail.com,Di.Seagraves@gmail.com,firefighter
148,Carmencita,Waldron,Carmencita.Waldron@yopmail.com,Carmencita.Waldron@gmail.com,firefighter
149,Babita,Hermes,Babita.Hermes@yopmail.com,Babita.Hermes@gmail.com,doctor
150,Courtnay,Plato,Courtnay.Plato@yopmail.com,Courtnay.Plato@gmail.com,developer
151,Codie,Malvino,Codie.Malvino@yopmail.com,Codie.Malvino@gmail.com,developer
152,Mallory,Harday,Mallory.Harday@yopmail.com,Mallory.Harday@gmail.com,doctor
153,Chastity,Brittani,Chastity.Brittani@yopmail.com,Chastity.Brittani@gmail.com,worker
154,Jasmina,Suzetta,Jasmina.Suzetta@yopmail.com,Jasmina.Suzetta@gmail.com,firefighter
155,Dorene,Zrike,Dorene.Zrike@yopmail.com,Dorene.Zrike@gmail.com,police officer
156,Lyssa,Kauppi,Lyssa.Kauppi@yopmail.com,Lyssa.Kauppi@gmail.com,firefighter
157,Annaliese,Swanhildas,Annaliese.Swanhildas@yopmail.com,Annaliese.Swanhildas@gmail.com,firefighter
158,Julieta,Holtz,Julieta.Holtz@yopmail.com,Julieta.Holtz@gmail.com,doctor
159,Veda,Shirberg,Veda.Shirberg@yopmail.com,Veda.Shirberg@gmail.com,firefighter
160,Lita,Hathaway,Lita.Hathaway@yopmail.com,Lita.Hathaway@gmail.com,doctor
161,Lucy,Rubie,Lucy.Rubie@yopmail.com,Lucy.Rubie@gmail.com,developer
162,Lita,Gwenore,Lita.Gwenore@yopmail.com,Lita.Gwenore@gmail.com,developer
163,Kelly,Atcliffe,Kelly.Atcliffe@yopmail.com,Kelly.Atcliffe@gmail.com,worker
164,Jasmina,Sherfield,Jasmina.Sherfield@yopmail.com,Jasmina.Sherfield@gmail.com,firefighter
165,Violet,Dash,Violet.Dash@yopmail.com,Violet.Dash@gmail.com,police officer
166,Mathilda,Bertold,Mathilda.Bertold@yopmail.com,Mathilda.Bertold@gmail.com,police officer
167,Yetty,Shaver,Yetty.Shaver@yopmail.com,Yetty.Shaver@gmail.com,worker
168,Annora,Joni,Annora.Joni@yopmail.com,Annora.Joni@gmail.com,developer
169,Dominga,Salvidor,Dominga.Salvidor@yopmail.com,Dominga.Salvidor@gmail.com,worker
170,Jeanna,Serilda,Jeanna.Serilda@yopmail.com,Jeanna.Serilda@gmail.com,police officer
171,Emilia,Wittie,Emilia.Wittie@yopmail.com,Emilia.Wittie@gmail.com,worker
172,Danika,Cottle,Danika.Cottle@yopmail.com,Danika.Cottle@gmail.com,doctor
173,Alejandra,Hieronymus,Alejandra.Hieronymus@yopmail.com,Alejandra.Hieronymus@gmail.com,developer
174,Adele,Lareena,Adele.Lareena@yopmail.com,Adele.Lareena@gmail.com,doctor
175,Belinda,Ranjiv,Belinda.Ranjiv@yopmail.com,Belinda.Ranjiv@gmail.com,firefighter
176,Kylynn,Jethro,Kylynn.Jethro@yopmail.com,Kylynn.Jethro@gmail.com,police officer
177,Meghann,Riva,Meghann.Riva@yopmail.com,Meghann.Riva@gmail.com,worker
178,Fanny,Faust,Fanny.Faust@yopmail.com,Fanny.Faust@gmail.com,firefighter
179,Valera,Pyle,Valera.Pyle@yopmail.com,Valera.Pyle@gmail.com,doctor
180,Rochette,Pernick,Rochette.Pernick@yopmail.com,Rochette.Pernick@gmail.com,worker
181,Joceline,Ajay,Joceline.Ajay@yopmail.com,Joceline.Ajay@gmail.com,developer
182,Marnia,Soneson,Marnia.Soneson@yopmail.com,Marnia.Soneson@gmail.com,firefighter
183,Alyda,Maribeth,Alyda.Maribeth@yopmail.com,Alyda.Maribeth@gmail.com,worker
184,Tressa,Moseley,Tressa.Moseley@yopmail.com,Tressa.Moseley@gmail.com,worker
185,Rosaline,Campball,Rosaline.Campball@yopmail.com,Rosaline.Campball@gmail.com,developer
186,Lelah,Howlyn,Lelah.Howlyn@yopmail.com,Lelah.Howlyn@gmail.com,doctor
187,Sara-Ann,Norvol,Sara-Ann.Norvol@yopmail.com,Sara-Ann.Norvol@gmail.com,developer
188,Catharine,Randene,Catharine.Randene@yopmail.com,Catharine.Randene@gmail.com,firefighter
189,Kirstin,Seligman,Kirstin.Seligman@yopmail.com,Kirstin.Seligman@gmail.com,worker
190,Zaria,Mauer,Zaria.Mauer@yopmail.com,Zaria.Mauer@gmail.com,doctor
191,Trixi,Constancy,Trixi.Constancy@yopmail.com,Trixi.Constancy@gmail.com,worker
192,Nickie,Sophronia,Nickie.Sophronia@yopmail.com,Nickie.Sophronia@gmail.com,police officer
193,Jemie,Rhu,Jemie.Rhu@yopmail.com,Jemie.Rhu@gmail.com,doctor
194,Carmencita,Land,Carmencita.Land@yopmail.com,Carmencita.Land@gmail.com,police officer
195,Reeba,Ursulette,Reeba.Ursulette@yopmail.com,Reeba.Ursulette@gmail.com,doctor
196,Aaren,Maisey,Aaren.Maisey@yopmail.com,Aaren.Maisey@gmail.com,developer
197,Mallory,Teryn,Mallory.Teryn@yopmail.com,Mallory.Teryn@gmail.com,firefighter
198,Ricky,Alarise,Ricky.Alarise@yopmail.com,Ricky.Alarise@gmail.com,developer
199,Consuela,Charity,Consuela.Charity@yopmail.com,Consuela.Charity@gmail.com,doctor
200,Shel,Lymann,Shel.Lymann@yopmail.com,Shel.Lymann@gmail.com,firefighter
201,Augustine,Hirsch,Augustine.Hirsch@yopmail.com,Augustine.Hirsch@gmail.com,developer
202,Vinita,Konyn,Vinita.Konyn@yopmail.com,Vinita.Konyn@gmail.com,doctor
203,Elvira,Blisse,Elvira.Blisse@yopmail.com,Elvira.Blisse@gmail.com,worker
204,Kassey,Klotz,Kassey.Klotz@yopmail.com,Kassey.Klotz@gmail.com,worker
205,Andeee,Ledah,Andeee.Ledah@yopmail.com,Andeee.Ledah@gmail.com,worker
206,Marguerite,Hillel,Marguerite.Hillel@yopmail.com,Marguerite.Hillel@gmail.com,developer
207,Blinni,Hanshaw,Blinni.Hanshaw@yopmail.com,Blinni.Hanshaw@gmail.com,firefighter
208,Frieda,Fax,Frieda.Fax@yopmail.com,Frieda.Fax@gmail.com,doctor
209,Maurene,Taima,Maurene.Taima@yopmail.com,Maurene.Taima@gmail.com,doctor
210,Wilma,Adrienne,Wilma.Adrienne@yopmail.com,Wilma.Adrienne@gmail.com,worker
211,Sue,Eckblad,Sue.Eckblad@yopmail.com,Sue.Eckblad@gmail.com,doctor
212,Melina,Eckblad,Melina.Eckblad@yopmail.com,Melina.Eckblad@gmail.com,doctor
213,Helena,Holbrook,Helena.Holbrook@yopmail.com,Helena.Holbrook@gmail.com,firefighter
214,Stephanie,Izaak,Stephanie.Izaak@yopmail.com,Stephanie.Izaak@gmail.com,worker
215,Cherilyn,Bebe,Cherilyn.Bebe@yopmail.com,Cherilyn.Bebe@gmail.com,worker
216,Steffane,Kravits,Steffane.Kravits@yopmail.com,Steffane.Kravits@gmail.com,developer
217,Daune,Wadell,Daune.Wadell@yopmail.com,Daune.Wadell@gmail.com,firefighter
218,Kristina,Natica,Kristina.Natica@yopmail.com,Kristina.Natica@gmail.com,firefighter
219,Layla,Berl,Layla.Berl@yopmail.com,Layla.Berl@gmail.com,worker
220,Alia,Cristi,Alia.Cristi@yopmail.com,Alia.Cristi@gmail.com,firefighter
221,Sarette,Paton,Sarette.Paton@yopmail.com,Sarette.Paton@gmail.com,developer
222,Leona,Ries,Leona.Ries@yopmail.com,Leona.Ries@gmail.com,doctor
223,Katharina,Hertzfeld,Katharina.Hertzfeld@yopmail.com,Katharina.Hertzfeld@gmail.com,developer
224,Candy,Kannry,Candy.Kannry@yopmail.com,Candy.Kannry@gmail.com,developer
225,Kirstin,Hurley,Kirstin.Hurley@yopmail.com,Kirstin.Hurley@gmail.com,police officer
226,Chandra,Gale,Chandra.Gale@yopmail.com,Chandra.Gale@gmail.com,police officer
227,Yvonne,Cressida,Yvonne.Cressida@yopmail.com,Yvonne.Cressida@gmail.com,developer
228,Ericka,Regan,Ericka.Regan@yopmail.com,Ericka.Regan@gmail.com,police officer
229,Nerta,Teddman,Nerta.Teddman@yopmail.com,Nerta.Teddman@gmail.com,firefighter
230,Darlleen,Paton,Darlleen.Paton@yopmail.com,Darlleen.Paton@gmail.com,doctor
231,Charmaine,Craggie,Charmaine.Craggie@yopmail.com,Charmaine.Craggie@gmail.com,doctor
232,Kaja,Quinn,Kaja.Quinn@yopmail.com,Kaja.Quinn@gmail.com,police officer
233,Belinda,Elvyn,Belinda.Elvyn@yopmail.com,Belinda.Elvyn@gmail.com,police officer
234,Lynde,Holbrook,Lynde.Holbrook@yopmail.com,Lynde.Holbrook@gmail.com,firefighter
235,Madalyn,Vale,Madalyn.Vale@yopmail.com,Madalyn.Vale@gmail.com,worker
236,Meg,Kolnick,Meg.Kolnick@yopmail.com,Meg.Kolnick@gmail.com,worker
237,Louella,Remmer,Louella.Remmer@yopmail.com,Louella.Remmer@gmail.com,developer
238,Cassondra,Magdalen,Cassondra.Magdalen@yopmail.com,Cassondra.Magdalen@gmail.com,developer
239,Jere,Smitt,Jere.Smitt@yopmail.com,Jere.Smitt@gmail.com,firefighter
240,Jeanna,Freddi,Jeanna.Freddi@yopmail.com,Jeanna.Freddi@gmail.com,doctor
241,Melodie,Kolnick,Melodie.Kolnick@yopmail.com,Melodie.Kolnick@gmail.com,worker
242,Nickie,Bandeen,Nickie.Bandeen@yopmail.com,Nickie.Bandeen@gmail.com,worker
243,Sidoney,Dosia,Sidoney.Dosia@yopmail.com,Sidoney.Dosia@gmail.com,worker
244,Jan,Orpah,Jan.Orpah@yopmail.com,Jan.Orpah@gmail.com,worker
245,Estell,Chem,Estell.Chem@yopmail.com,Estell.Chem@gmail.com,firefighter
246,Lorie,Junie,Lorie.Junie@yopmail.com,Lorie.Junie@gmail.com,worker
247,Phedra,Lindemann,Phedra.Lindemann@yopmail.com,Phedra.Lindemann@gmail.com,firefighter
248,Nicoli,Stephie,Nicoli.Stephie@yopmail.com,Nicoli.Stephie@gmail.com,worker
249,Ernesta,Loleta,Ernesta.Loleta@yopmail.com,Ernesta.Loleta@gmail.com,worker
250,Fernande,Masao,Fernande.Masao@yopmail.com,Fernande.Masao@gmail.com,doctor
251,Kellen,Phyllis,Kellen.Phyllis@yopmail.com,Kellen.Phyllis@gmail.com,police officer
252,Carly,Andrel,Carly.Andrel@yopmail.com,Carly.Andrel@gmail.com,doctor
253,Alyssa,Taam,Alyssa.Taam@yopmail.com,Alyssa.Taam@gmail.com,police officer
254,Ulrike,Gombach,Ulrike.Gombach@yopmail.com,Ulrike.Gombach@gmail.com,worker
255,Ariela,Latini,Ariela.Latini@yopmail.com,Ariela.Latini@gmail.com,worker
256,Kimberley,Levey,Kimberley.Levey@yopmail.com,Kimberley.Levey@gmail.com,doctor
257,Desirae,Gino,Desirae.Gino@yopmail.com,Desirae.Gino@gmail.com,worker
258,Sherrie,Aida,Sherrie.Aida@yopmail.com,Sherrie.Aida@gmail.com,firefighter
259,Danika,Sprage,Danika.Sprage@yopmail.com,Danika.Sprage@gmail.com,doctor
260,Verla,Wind,Verla.Wind@yopmail.com,Verla.Wind@gmail.com,worker
261,Adore,Olympium,Adore.Olympium@yopmail.com,Adore.Olympium@gmail.com,police officer
262,Kara-Lynn,Kat,Kara-Lynn.Kat@yopmail.com,Kara-Lynn.Kat@gmail.com,worker
263,Alexine,Tybald,Alexine.Tybald@yopmail.com,Alexine.Tybald@gmail.com,doctor
264,Mildrid,Malvino,Mildrid.Malvino@yopmail.com,Mildrid.Malvino@gmail.com,police officer
265,Kate,Harl,Kate.Harl@yopmail.com,Kate.Harl@gmail.com,doctor
266,Max,Schonfeld,Max.Schonfeld@yopmail.com,Max.Schonfeld@gmail.com,worker
267,Agnese,Strephon,Agnese.Strephon@yopmail.com,Agnese.Strephon@gmail.com,police officer
268,Annecorinne,Koziara,Annecorinne.Koziara@yopmail.com,Annecorinne.Koziara@gmail.com,police officer
269,Laurene,Jammal,Laurene.Jammal@yopmail.com,Laurene.Jammal@gmail.com,worker
270,Gale,Desai,Gale.Desai@yopmail.com,Gale.Desai@gmail.com,developer
271,Lizzie,Desai,Lizzie.Desai@yopmail.com,Lizzie.Desai@gmail.com,developer
272,Roz,Darbie,Roz.Darbie@yopmail.com,Roz.Darbie@gmail.com,developer
273,Evaleen,Ogren,Evaleen.Ogren@yopmail.com,Evaleen.Ogren@gmail.com,firefighter
274,Linet,Billye,Linet.Billye@yopmail.com,Linet.Billye@gmail.com,doctor
275,Laurene,Colleen,Laurene.Colleen@yopmail.com,Laurene.Colleen@gmail.com,doctor
276,Joeann,Autrey,Joeann.Autrey@yopmail.com,Joeann.Autrey@gmail.com,police officer
277,Belva,Creamer,Belva.Creamer@yopmail.com,Belva.Creamer@gmail.com,doctor
278,Blake,Granoff,Blake.Granoff@yopmail.com,Blake.Granoff@gmail.com,firefighter
279,Perry,Irmine,Perry.Irmine@yopmail.com,Perry.Irmine@gmail.com,worker
280,Dorothy,Poll,Dorothy.Poll@yopmail.com,Dorothy.Poll@gmail.com,doctor
281,Kenna,Brenn,Kenna.Brenn@yopmail.com,Kenna.Brenn@gmail.com,firefighter
282,Ardenia,Manolo,Ardenia.Manolo@yopmail.com,Ardenia.Manolo@gmail.com,firefighter
283,Joleen,Rillings,Joleen.Rillings@yopmail.com,Joleen.Rillings@gmail.com,police officer
284,Shandie,Jess,Shandie.Jess@yopmail.com,Shandie.Jess@gmail.com,firefighter
285,Vanessa,Sothena,Vanessa.Sothena@yopmail.com,Vanessa.Sothena@gmail.com,police officer
286,Christian,Briney,Christian.Briney@yopmail.com,Christian.Briney@gmail.com,doctor
287,Danny,Milson,Danny.Milson@yopmail.com,Danny.Milson@gmail.com,doctor
288,Barbara,Rosette,Barbara.Rosette@yopmail.com,Barbara.Rosette@gmail.com,developer
289,Farrah,Rurik,Farrah.Rurik@yopmail.com,Farrah.Rurik@gmail.com,developer
290,Jorry,Isidore,Jorry.Isidore@yopmail.com,Jorry.Isidore@gmail.com,doctor
291,Cassandra,Shelba,Cassandra.Shelba@yopmail.com,Cassandra.Shelba@gmail.com,firefighter
292,Carly,Stephie,Carly.Stephie@yopmail.com,Carly.Stephie@gmail.com,police officer
293,Brynna,Hunfredo,Brynna.Hunfredo@yopmail.com,Brynna.Hunfredo@gmail.com,developer
294,Roxane,Hebner,Roxane.Hebner@yopmail.com,Roxane.Hebner@gmail.com,doctor
295,Viviene,Sheedy,Viviene.Sheedy@yopmail.com,Viviene.Sheedy@gmail.com,developer
296,Talya,McGrody,Talya.McGrody@yopmail.com,Talya.McGrody@gmail.com,doctor
297,Britni,Tarrant,Britni.Tarrant@yopmail.com,Britni.Tarrant@gmail.com,doctor
298,Ursulina,Tamsky,Ursulina.Tamsky@yopmail.com,Ursulina.Tamsky@gmail.com,worker
299,Tobe,Nunci,Tobe.Nunci@yopmail.com,Tobe.Nunci@gmail.com,police officer
300,Mary,Juliet,Mary.Juliet@yopmail.com,Mary.Juliet@gmail.com,worker
301,Ronna,Scammon,Ronna.Scammon@yopmail.com,Ronna.Scammon@gmail.com,doctor
302,Ann-Marie,Arathorn,Ann-Marie.Arathorn@yopmail.com,Ann-Marie.Arathorn@gmail.com,developer
303,Elora,Daegal,Elora.Daegal@yopmail.com,Elora.Daegal@gmail.com,doctor
304,Darlleen,Eckblad,Darlleen.Eckblad@yopmail.com,Darlleen.Eckblad@gmail.com,worker
305,Harmonia,Ajay,Harmonia.Ajay@yopmail.com,Harmonia.Ajay@gmail.com,developer
306,Corina,Saint,Corina.Saint@yopmail.com,Corina.Saint@gmail.com,developer
307,Andree,Cookie,Andree.Cookie@yopmail.com,Andree.Cookie@gmail.com,police officer
308,Dagmar,Eliathas,Dagmar.Eliathas@yopmail.com,Dagmar.Eliathas@gmail.com,police officer
309,Miquela,Arley,Miquela.Arley@yopmail.com,Miquela.Arley@gmail.com,worker
310,Tatiania,Ajay,Tatiania.Ajay@yopmail.com,Tatiania.Ajay@gmail.com,developer
311,Adele,Gwenore,Adele.Gwenore@yopmail.com,Adele.Gwenore@gmail.com,firefighter
312,Judy,Nicoline,Judy.Nicoline@yopmail.com,Judy.Nicoline@gmail.com,developer
313,Dode,Milde,Dode.Milde@yopmail.com,Dode.Milde@gmail.com,doctor
314,Meriel,Dash,Meriel.Dash@yopmail.com,Meriel.Dash@gmail.com,doctor
315,Annabela,Janith,Annabela.Janith@yopmail.com,Annabela.Janith@gmail.com,police officer
316,Edee,Hutchison,Edee.Hutchison@yopmail.com,Edee.Hutchison@gmail.com,police officer
317,Asia,Corabella,Asia.Corabella@yopmail.com,Asia.Corabella@gmail.com,firefighter
318,Nananne,Wiener,Nananne.Wiener@yopmail.com,Nananne.Wiener@gmail.com,doctor
319,Gisela,Joni,Gisela.Joni@yopmail.com,Gisela.Joni@gmail.com,firefighter
320,Verla,Zachary,Verla.Zachary@yopmail.com,Verla.Zachary@gmail.com,firefighter
321,Tilly,Francene,Tilly.Francene@yopmail.com,Tilly.Francene@gmail.com,firefighter
322,Shannah,Ailyn,Shannah.Ailyn@yopmail.com,Shannah.Ailyn@gmail.com,worker
323,Julieta,Brenn,Julieta.Brenn@yopmail.com,Julieta.Brenn@gmail.com,worker
324,Tomasina,Geffner,Tomasina.Geffner@yopmail.com,Tomasina.Geffner@gmail.com,police officer
325,Queenie,Morgun,Queenie.Morgun@yopmail.com,Queenie.Morgun@gmail.com,developer
326,Marika,Miru,Marika.Miru@yopmail.com,Marika.Miru@gmail.com,police officer
327,Henriette,Erskine,Henriette.Erskine@yopmail.com,Henriette.Erskine@gmail.com,worker
328,Claresta,Whiffen,Claresta.Whiffen@yopmail.com,Claresta.Whiffen@gmail.com,firefighter
329,Kathy,Annice,Kathy.Annice@yopmail.com,Kathy.Annice@gmail.com,firefighter
330,Chickie,Germann,Chickie.Germann@yopmail.com,Chickie.Germann@gmail.com,worker
331,Sadie,Jagir,Sadie.Jagir@yopmail.com,Sadie.Jagir@gmail.com,firefighter
332,Gabi,Noman,Gabi.Noman@yopmail.com,Gabi.Noman@gmail.com,developer
333,Karena,Auberbach,Karena.Auberbach@yopmail.com,Karena.Auberbach@gmail.com,doctor
334,Vinita,Rhu,Vinita.Rhu@yopmail.com,Vinita.Rhu@gmail.com,developer
335,Rubie,Zitvaa,Rubie.Zitvaa@yopmail.com,Rubie.Zitvaa@gmail.com,worker
336,Dorene,Othilia,Dorene.Othilia@yopmail.com,Dorene.Othilia@gmail.com,worker
337,Berta,Bluh,Berta.Bluh@yopmail.com,Berta.Bluh@gmail.com,worker
338,Ebonee,Louanna,Ebonee.Louanna@yopmail.com,Ebonee.Louanna@gmail.com,worker
339,Gretal,Auberbach,Gretal.Auberbach@yopmail.com,Gretal.Auberbach@gmail.com,firefighter
340,Mara,Tice,Mara.Tice@yopmail.com,Mara.Tice@gmail.com,police officer
341,Kirbee,Lay,Kirbee.Lay@yopmail.com,Kirbee.Lay@gmail.com,police officer
342,Annora,Lea,Annora.Lea@yopmail.com,Annora.Lea@gmail.com,doctor
343,Korrie,Hachmin,Korrie.Hachmin@yopmail.com,Korrie.Hachmin@gmail.com,developer
344,Moyna,Aprile,Moyna.Aprile@yopmail.com,Moyna.Aprile@gmail.com,police officer
345,Albertina,Selway,Albertina.Selway@yopmail.com,Albertina.Selway@gmail.com,developer
346,Lory,Sancho,Lory.Sancho@yopmail.com,Lory.Sancho@gmail.com,doctor
347,Laure,Dunkin,Laure.Dunkin@yopmail.com,Laure.Dunkin@gmail.com,doctor
348,Tilly,Friede,Tilly.Friede@yopmail.com,Tilly.Friede@gmail.com,firefighter
349,Maryellen,Shanley,Maryellen.Shanley@yopmail.com,Maryellen.Shanley@gmail.com,worker
350,Minne,Gerge,Minne.Gerge@yopmail.com,Minne.Gerge@gmail.com,police officer
351,Shel,Latini,Shel.Latini@yopmail.com,Shel.Latini@gmail.com,doctor
352,Malina,Medrek,Malina.Medrek@yopmail.com,Malina.Medrek@gmail.com,doctor
353,Leia,Ajay,Leia.Ajay@yopmail.com,Leia.Ajay@gmail.com,developer
354,Willetta,Stover,Willetta.Stover@yopmail.com,Willetta.Stover@gmail.com,doctor
355,Eve,Arvo,Eve.Arvo@yopmail.com,Eve.Arvo@gmail.com,police officer
356,Peri,Arquit,Peri.Arquit@yopmail.com,Peri.Arquit@gmail.com,developer
357,Justinn,Allare,Justinn.Allare@yopmail.com,Justinn.Allare@gmail.com,firefighter
358,Andeee,Hedve,Andeee.Hedve@yopmail.com,Andeee.Hedve@gmail.com,worker
359,Sissy,Yam,Sissy.Yam@yopmail.com,Sissy.Yam@gmail.com,worker
360,Emelina,Valoniah,Emelina.Valoniah@yopmail.com,Emelina.Valoniah@gmail.com,worker
361,Wendi,Selway,Wendi.Selway@yopmail.com,Wendi.Selway@gmail.com,firefighter
362,Petronia,Percy,Petronia.Percy@yopmail.com,Petronia.Percy@gmail.com,police officer
363,Britte,Bultman,Britte.Bultman@yopmail.com,Britte.Bultman@gmail.com,doctor
364,Emmey,Dominy,Emmey.Dominy@yopmail.com,Emmey.Dominy@gmail.com,developer
365,Carly,Gherardo,Carly.Gherardo@yopmail.com,Carly.Gherardo@gmail.com,firefighter
366,Cassandra,Montgomery,Cassandra.Montgomery@yopmail.com,Cassandra.Montgomery@gmail.com,doctor
367,Gianina,Pearse,Gianina.Pearse@yopmail.com,Gianina.Pearse@gmail.com,police officer
368,Aurelie,Klemperer,Aurelie.Klemperer@yopmail.com,Aurelie.Klemperer@gmail.com,doctor
369,Rosaline,Andrel,Rosaline.Andrel@yopmail.com,Rosaline.Andrel@gmail.com,doctor
370,Jerry,Talia,Jerry.Talia@yopmail.com,Jerry.Talia@gmail.com,doctor
371,Lynnea,Izaak,Lynnea.Izaak@yopmail.com,Lynnea.Izaak@gmail.com,firefighter
372,Tiffie,Land,Tiffie.Land@yopmail.com,Tiffie.Land@gmail.com,developer
373,Tersina,Lail,Tersina.Lail@yopmail.com,Tersina.Lail@gmail.com,worker
374,Catharine,Orpah,Catharine.Orpah@yopmail.com,Catharine.Orpah@gmail.com,developer
375,Bobinette,Dielu,Bobinette.Dielu@yopmail.com,Bobinette.Dielu@gmail.com,doctor
376,Cyb,Leopold,Cyb.Leopold@yopmail.com,Cyb.Leopold@gmail.com,police officer
377,Karlee,Frodi,Karlee.Frodi@yopmail.com,Karlee.Frodi@gmail.com,police officer
378,Estell,Love,Estell.Love@yopmail.com,Estell.Love@gmail.com,doctor
379,Veda,Blake,Veda.Blake@yopmail.com,Veda.Blake@gmail.com,doctor
380,Nyssa,Roumell,Nyssa.Roumell@yopmail.com,Nyssa.Roumell@gmail.com,firefighter
381,Gaylene,Koehler,Gaylene.Koehler@yopmail.com,Gaylene.Koehler@gmail.com,firefighter
382,Alyssa,Hull,Alyssa.Hull@yopmail.com,Alyssa.Hull@gmail.com,doctor
383,Carlie,Frendel,Carlie.Frendel@yopmail.com,Carlie.Frendel@gmail.com,developer
384,Marline,Curren,Marline.Curren@yopmail.com,Marline.Curren@gmail.com,police officer
385,Frances,Cassius,Frances.Cassius@yopmail.com,Frances.Cassius@gmail.com,developer
386,Henriette,Konyn,Henriette.Konyn@yopmail.com,Henriette.Konyn@gmail.com,police officer
387,Gisela,Gillan,Gisela.Gillan@yopmail.com,Gisela.Gillan@gmail.com,firefighter
388,Caritta,Lowry,Caritta.Lowry@yopmail.com,Caritta.Lowry@gmail.com,worker
389,Phylis,Sammons,Phylis.Sammons@yopmail.com,Phylis.Sammons@gmail.com,police officer
390,Patricia,Eben,Patricia.Eben@yopmail.com,Patricia.Eben@gmail.com,firefighter
391,Donnie,Jorgan,Donnie.Jorgan@yopmail.com,Donnie.Jorgan@gmail.com,police officer
392,Marcy,Iiette,Marcy.Iiette@yopmail.com,Marcy.Iiette@gmail.com,developer
393,Leontine,Edvard,Leontine.Edvard@yopmail.com,Leontine.Edvard@gmail.com,police officer
394,Benita,Paton,Benita.Paton@yopmail.com,Benita.Paton@gmail.com,firefighter
395,Belinda,Yuille,Belinda.Yuille@yopmail.com,Belinda.Yuille@gmail.com,police officer
396,Valera,Germann,Valera.Germann@yopmail.com,Valera.Germann@gmail.com,police officer
397,Dennie,Morgun,Dennie.Morgun@yopmail.com,Dennie.Morgun@gmail.com,firefighter
398,Agathe,Timon,Agathe.Timon@yopmail.com,Agathe.Timon@gmail.com,worker
399,Jany,Carbo,Jany.Carbo@yopmail.com,Jany.Carbo@gmail.com,developer
400,Dulcinea,Tremayne,Dulcinea.Tremayne@yopmail.com,Dulcinea.Tremayne@gmail.com,doctor
401,Constance,Hutchison,Constance.Hutchison@yopmail.com,Constance.Hutchison@gmail.com,police officer
402,Krystle,Noelyn,Krystle.Noelyn@yopmail.com,Krystle.Noelyn@gmail.com,developer
403,Livvyy,Hilbert,Livvyy.Hilbert@yopmail.com,Livvyy.Hilbert@gmail.com,police officer
404,Belva,Kaete,Belva.Kaete@yopmail.com,Belva.Kaete@gmail.com,police officer
405,Jenda,Malina,Jenda.Malina@yopmail.com,Jenda.Malina@gmail.com,police officer
406,Maud,Nickola,Maud.Nickola@yopmail.com,Maud.Nickola@gmail.com,worker
407,Roberta,Jerald,Roberta.Jerald@yopmail.com,Roberta.Jerald@gmail.com,firefighter
408,Cyb,Tybald,Cyb.Tybald@yopmail.com,Cyb.Tybald@gmail.com,developer
409,Sissy,Morgun,Sissy.Morgun@yopmail.com,Sissy.Morgun@gmail.com,worker
410,Emelina,Winthorpe,Emelina.Winthorpe@yopmail.com,Emelina.Winthorpe@gmail.com,firefighter
411,Thalia,LaRue,Thalia.LaRue@yopmail.com,Thalia.LaRue@gmail.com,firefighter
412,Sidoney,Holtz,Sidoney.Holtz@yopmail.com,Sidoney.Holtz@gmail.com,doctor
413,Farrah,Roche,Farrah.Roche@yopmail.com,Farrah.Roche@gmail.com,police officer
414,Violet,Vorster,Violet.Vorster@yopmail.com,Violet.Vorster@gmail.com,firefighter
415,Dotty,Martsen,Dotty.Martsen@yopmail.com,Dotty.Martsen@gmail.com,doctor
416,Alisha,Strephon,Alisha.Strephon@yopmail.com,Alisha.Strephon@gmail.com,doctor
417,Mamie,Karylin,Mamie.Karylin@yopmail.com,Mamie.Karylin@gmail.com,developer
418,Darlleen,Bethany,Darlleen.Bethany@yopmail.com,Darlleen.Bethany@gmail.com,police officer
419,Benita,Alfons,Benita.Alfons@yopmail.com,Benita.Alfons@gmail.com,police officer
420,Bobbi,Rillings,Bobbi.Rillings@yopmail.com,Bobbi.Rillings@gmail.com,doctor
421,Elie,Land,Elie.Land@yopmail.com,Elie.Land@gmail.com,worker
422,Celisse,Letsou,Celisse.Letsou@yopmail.com,Celisse.Letsou@gmail.com,doctor
423,Susan,Plato,Susan.Plato@yopmail.com,Susan.Plato@gmail.com,police officer
424,Amalie,Cleo,Amalie.Cleo@yopmail.com,Amalie.Cleo@gmail.com,developer
425,Anthia,Uund,Anthia.Uund@yopmail.com,Anthia.Uund@gmail.com,developer
426,Jany,Mintz,Jany.Mintz@yopmail.com,Jany.Mintz@gmail.com,firefighter
427,Corene,Aaberg,Corene.Aaberg@yopmail.com,Corene.Aaberg@gmail.com,doctor
428,Lorenza,Brenn,Lorenza.Brenn@yopmail.com,Lorenza.Brenn@gmail.com,developer
429,Layla,Knowling,Layla.Knowling@yopmail.com,Layla.Knowling@gmail.com,police officer
430,Amara,Raychel,Amara.Raychel@yopmail.com,Amara.Raychel@gmail.com,firefighter
431,Amara,Lilybelle,Amara.Lilybelle@yopmail.com,Amara.Lilybelle@gmail.com,firefighter
432,Thalia,Kussell,Thalia.Kussell@yopmail.com,Thalia.Kussell@gmail.com,police officer
433,Jere,Phi,Jere.Phi@yopmail.com,Jere.Phi@gmail.com,worker
434,Dulce,Goode,Dulce.Goode@yopmail.com,Dulce.Goode@gmail.com,firefighter
435,Dorene,Willie,Dorene.Willie@yopmail.com,Dorene.Willie@gmail.com,police officer
436,Desirae,Kussell,Desirae.Kussell@yopmail.com,Desirae.Kussell@gmail.com,firefighter
437,Di,Tippets,Di.Tippets@yopmail.com,Di.Tippets@gmail.com,firefighter
438,Lorenza,Franza,Lorenza.Franza@yopmail.com,Lorenza.Franza@gmail.com,police officer
439,Amara,Laverne,Amara.Laverne@yopmail.com,Amara.Laverne@gmail.com,developer
440,Riannon,Joachim,Riannon.Joachim@yopmail.com,Riannon.Joachim@gmail.com,police officer
441,Corly,Solitta,Corly.Solitta@yopmail.com,Corly.Solitta@gmail.com,worker
442,Emelina,Bobbee,Emelina.Bobbee@yopmail.com,Emelina.Bobbee@gmail.com,developer
443,Christian,Birdella,Christian.Birdella@yopmail.com,Christian.Birdella@gmail.com,doctor
444,Adelle,Hull,Adelle.Hull@yopmail.com,Adelle.Hull@gmail.com,developer
445,Cyb,Bashemeth,Cyb.Bashemeth@yopmail.com,Cyb.Bashemeth@gmail.com,worker
446,Meghann,Diann,Meghann.Diann@yopmail.com,Meghann.Diann@gmail.com,doctor
447,Lilith,Wenda,Lilith.Wenda@yopmail.com,Lilith.Wenda@gmail.com,doctor
448,Ira,Sprage,Ira.Sprage@yopmail.com,Ira.Sprage@gmail.com,doctor
449,Chrystel,Yuille,Chrystel.Yuille@yopmail.com,Chrystel.Yuille@gmail.com,police officer
450,Bernardine,Teddman,Bernardine.Teddman@yopmail.com,Bernardine.Teddman@gmail.com,firefighter
451,Lauryn,Standing,Lauryn.Standing@yopmail.com,Lauryn.Standing@gmail.com,firefighter
452,Anallese,Wu,Anallese.Wu@yopmail.com,Anallese.Wu@gmail.com,developer
453,Darci,Gualtiero,Darci.Gualtiero@yopmail.com,Darci.Gualtiero@gmail.com,developer
454,Lesly,Nahum,Lesly.Nahum@yopmail.com,Lesly.Nahum@gmail.com,doctor
455,Corene,Meter,Corene.Meter@yopmail.com,Corene.Meter@gmail.com,police officer
456,Mamie,Skurnik,Mamie.Skurnik@yopmail.com,Mamie.Skurnik@gmail.com,doctor
457,Alexine,Allys,Alexine.Allys@yopmail.com,Alexine.Allys@gmail.com,police officer
458,Charmaine,Linehan,Charmaine.Linehan@yopmail.com,Charmaine.Linehan@gmail.com,firefighter
459,Darlleen,Buffum,Darlleen.Buffum@yopmail.com,Darlleen.Buffum@gmail.com,worker
460,Nariko,Tristram,Nariko.Tristram@yopmail.com,Nariko.Tristram@gmail.com,police officer
461,Leona,Kenwood,Leona.Kenwood@yopmail.com,Leona.Kenwood@gmail.com,developer
462,Almeta,Timon,Almeta.Timon@yopmail.com,Almeta.Timon@gmail.com,doctor
463,Riannon,Bonucci,Riannon.Bonucci@yopmail.com,Riannon.Bonucci@gmail.com,firefighter
464,Silvana,Lindemann,Silvana.Lindemann@yopmail.com,Silvana.Lindemann@gmail.com,worker
465,Blake,Madox,Blake.Madox@yopmail.com,Blake.Madox@gmail.com,firefighter
466,Julieta,Emanuel,Julieta.Emanuel@yopmail.com,Julieta.Emanuel@gmail.com,police officer
467,Gianina,Belldas,Gianina.Belldas@yopmail.com,Gianina.Belldas@gmail.com,firefighter
468,Shaine,Tufts,Shaine.Tufts@yopmail.com,Shaine.Tufts@gmail.com,worker
469,Sara-Ann,Wadell,Sara-Ann.Wadell@yopmail.com,Sara-Ann.Wadell@gmail.com,developer
470,Karina,Ralfston,Karina.Ralfston@yopmail.com,Karina.Ralfston@gmail.com,worker
471,Emylee,Helfand,Emylee.Helfand@yopmail.com,Emylee.Helfand@gmail.com,worker
472,Nita,Cherianne,Nita.Cherianne@yopmail.com,Nita.Cherianne@gmail.com,developer
473,Trixi,Kellby,Trixi.Kellby@yopmail.com,Trixi.Kellby@gmail.com,doctor
474,Dagmar,Wolfgram,Dagmar.Wolfgram@yopmail.com,Dagmar.Wolfgram@gmail.com,doctor
475,Jorry,Telfer,Jorry.Telfer@yopmail.com,Jorry.Telfer@gmail.com,firefighter
476,Devina,Reidar,Devina.Reidar@yopmail.com,Devina.Reidar@gmail.com,doctor
477,Ada,Bertold,Ada.Bertold@yopmail.com,Ada.Bertold@gmail.com,developer
478,Collen,Llovera,Collen.Llovera@yopmail.com,Collen.Llovera@gmail.com,worker
479,Dode,Oneida,Dode.Oneida@yopmail.com,Dode.Oneida@gmail.com,police officer
480,Gusty,Pernick,Gusty.Pernick@yopmail.com,Gusty.Pernick@gmail.com,firefighter
481,Christal,Glovsky,Christal.Glovsky@yopmail.com,Christal.Glovsky@gmail.com,police officer
482,Angelique,Kirstin,Angelique.Kirstin@yopmail.com,Angelique.Kirstin@gmail.com,police officer
483,Mallory,Poppy,Mallory.Poppy@yopmail.com,Mallory.Poppy@gmail.com,worker
484,Tobe,Bohlin,Tobe.Bohlin@yopmail.com,Tobe.Bohlin@gmail.com,firefighter
485,Pollyanna,Japeth,Pollyanna.Japeth@yopmail.com,Pollyanna.Japeth@gmail.com,police officer
486,Heida,Colleen,Heida.Colleen@yopmail.com,Heida.Colleen@gmail.com,developer
487,Yetty,Raul,Yetty.Raul@yopmail.com,Yetty.Raul@gmail.com,developer
488,Yvonne,Alexandr,Yvonne.Alexandr@yopmail.com,Yvonne.Alexandr@gmail.com,worker
489,Eve,Dimitris,Eve.Dimitris@yopmail.com,Eve.Dimitris@gmail.com,worker
490,Desirae,Salvidor,Desirae.Salvidor@yopmail.com,Desirae.Salvidor@gmail.com,doctor
491,Yetty,Dowski,Yetty.Dowski@yopmail.com,Yetty.Dowski@gmail.com,police officer
492,Korrie,Salvidor,Korrie.Salvidor@yopmail.com,Korrie.Salvidor@gmail.com,firefighter
493,Gretal,Vale,Gretal.Vale@yopmail.com,Gretal.Vale@gmail.com,firefighter
494,Alyssa,Haldas,Alyssa.Haldas@yopmail.com,Alyssa.Haldas@gmail.com,developer
495,Kate,Albertine,Kate.Albertine@yopmail.com,Kate.Albertine@gmail.com,worker
496,Cyndie,Nicoline,Cyndie.Nicoline@yopmail.com,Cyndie.Nicoline@gmail.com,developer
497,Hallie,Adrienne,Hallie.Adrienne@yopmail.com,Hallie.Adrienne@gmail.com,worker
498,Clary,Bohlin,Clary.Bohlin@yopmail.com,Clary.Bohlin@gmail.com,police officer
499,Gilda,Wittie,Gilda.Wittie@yopmail.com,Gilda.Wittie@gmail.com,developer
500,Robbi,Mendez,Robbi.Mendez@yopmail.com,Robbi.Mendez@gmail.com,developer
501,Priscilla,Rugen,Priscilla.Rugen@yopmail.com,Priscilla.Rugen@gmail.com,police officer
502,Talya,Hessler,Talya.Hessler@yopmail.com,Talya.Hessler@gmail.com,firefighter
503,Coral,Alarise,Coral.Alarise@yopmail.com,Coral.Alarise@gmail.com,police officer
504,Charlena,Gert,Charlena.Gert@yopmail.com,Charlena.Gert@gmail.com,firefighter
505,Catrina,Irmine,Catrina.Irmine@yopmail.com,Catrina.Irmine@gmail.com,police officer
506,Marjie,Thilda,Marjie.Thilda@yopmail.com,Marjie.Thilda@gmail.com,worker
507,Suzette,Lay,Suzette.Lay@yopmail.com,Suzette.Lay@gmail.com,developer
508,Marika,Even,Marika.Even@yopmail.com,Marika.Even@gmail.com,developer
509,Lorne,Marden,Lorne.Marden@yopmail.com,Lorne.Marden@gmail.com,doctor
510,Meg,Duwalt,Meg.Duwalt@yopmail.com,Meg.Duwalt@gmail.com,developer
511,Alie,Brotherson,Alie.Brotherson@yopmail.com,Alie.Brotherson@gmail.com,developer
512,Blake,O'Neill,Blake.O'Neill@yopmail.com,Blake.O'Neill@gmail.com,worker
513,Binny,Kamaria,Binny.Kamaria@yopmail.com,Binny.Kamaria@gmail.com,firefighter
514,Fina,Lenny,Fina.Lenny@yopmail.com,Fina.Lenny@gmail.com,doctor
515,Randa,Arvo,Randa.Arvo@yopmail.com,Randa.Arvo@gmail.com,firefighter
516,Alex,Tillford,Alex.Tillford@yopmail.com,Alex.Tillford@gmail.com,developer
517,Jemie,Adlare,Jemie.Adlare@yopmail.com,Jemie.Adlare@gmail.com,doctor
518,Elvira,Rogerio,Elvira.Rogerio@yopmail.com,Elvira.Rogerio@gmail.com,firefighter
519,Arlina,Jacinda,Arlina.Jacinda@yopmail.com,Arlina.Jacinda@gmail.com,doctor
520,Halette,Nance,Halette.Nance@yopmail.com,Halette.Nance@gmail.com,firefighter
521,Rozele,Thunell,Rozele.Thunell@yopmail.com,Rozele.Thunell@gmail.com,firefighter
522,Christy,Curren,Christy.Curren@yopmail.com,Christy.Curren@gmail.com,doctor
523,Corry,Colbert,Corry.Colbert@yopmail.com,Corry.Colbert@gmail.com,developer
524,Kary,Brodench,Kary.Brodench@yopmail.com,Kary.Brodench@gmail.com,worker
525,Ingrid,Payson,Ingrid.Payson@yopmail.com,Ingrid.Payson@gmail.com,police officer
526,Silvana,Revkah,Silvana.Revkah@yopmail.com,Silvana.Revkah@gmail.com,developer
527,Tami,Beniamino,Tami.Beniamino@yopmail.com,Tami.Beniamino@gmail.com,police officer
528,Fawne,Bultman,Fawne.Bultman@yopmail.com,Fawne.Bultman@gmail.com,doctor
529,Phedra,Katrine,Phedra.Katrine@yopmail.com,Phedra.Katrine@gmail.com,firefighter
530,Katuscha,Bakerman,Katuscha.Bakerman@yopmail.com,Katuscha.Bakerman@gmail.com,firefighter
531,Adele,Olympium,Adele.Olympium@yopmail.com,Adele.Olympium@gmail.com,developer
532,Jobi,Selway,Jobi.Selway@yopmail.com,Jobi.Selway@gmail.com,worker
533,Tybie,Campball,Tybie.Campball@yopmail.com,Tybie.Campball@gmail.com,police officer
534,June,Goth,June.Goth@yopmail.com,June.Goth@gmail.com,police officer
535,Lorenza,Kat,Lorenza.Kat@yopmail.com,Lorenza.Kat@gmail.com,police officer
536,Tierney,Jethro,Tierney.Jethro@yopmail.com,Tierney.Jethro@gmail.com,firefighter
537,Gertrud,Jobi,Gertrud.Jobi@yopmail.com,Gertrud.Jobi@gmail.com,worker
538,Ricky,Niccolo,Ricky.Niccolo@yopmail.com,Ricky.Niccolo@gmail.com,police officer
539,Kamilah,Solitta,Kamilah.Solitta@yopmail.com,Kamilah.Solitta@gmail.com,police officer
540,Phedra,Henebry,Phedra.Henebry@yopmail.com,Phedra.Henebry@gmail.com,developer
541,Sharai,Shuler,Sharai.Shuler@yopmail.com,Sharai.Shuler@gmail.com,firefighter
542,Cherilyn,Ledah,Cherilyn.Ledah@yopmail.com,Cherilyn.Ledah@gmail.com,developer
543,Shaylyn,Sherrie,Shaylyn.Sherrie@yopmail.com,Shaylyn.Sherrie@gmail.com,police officer
544,Di,Oster,Di.Oster@yopmail.com,Di.Oster@gmail.com,police officer
545,Debee,Hoenack,Debee.Hoenack@yopmail.com,Debee.Hoenack@gmail.com,developer
546,Nollie,Bollay,Nollie.Bollay@yopmail.com,Nollie.Bollay@gmail.com,police officer
547,Clementine,Brieta,Clementine.Brieta@yopmail.com,Clementine.Brieta@gmail.com,firefighter
548,Arlena,Orelee,Arlena.Orelee@yopmail.com,Arlena.Orelee@gmail.com,developer
549,Ermengarde,Alwin,Ermengarde.Alwin@yopmail.com,Ermengarde.Alwin@gmail.com,worker
550,Ginnie,Breed,Ginnie.Breed@yopmail.com,Ginnie.Breed@gmail.com,police officer
551,Clo,Iaverne,Clo.Iaverne@yopmail.com,Clo.Iaverne@gmail.com,doctor
552,Moyna,Bennie,Moyna.Bennie@yopmail.com,Moyna.Bennie@gmail.com,firefighter
553,Laurene,Mathilde,Laurene.Mathilde@yopmail.com,Laurene.Mathilde@gmail.com,firefighter
554,Gianina,Sholley,Gianina.Sholley@yopmail.com,Gianina.Sholley@gmail.com,worker
555,Shirlee,Klotz,Shirlee.Klotz@yopmail.com,Shirlee.Klotz@gmail.com,doctor
556,Eadie,Bebe,Eadie.Bebe@yopmail.com,Eadie.Bebe@gmail.com,worker
557,Pierette,Kress,Pierette.Kress@yopmail.com,Pierette.Kress@gmail.com,firefighter
558,Desirae,Bebe,Desirae.Bebe@yopmail.com,Desirae.Bebe@gmail.com,police officer
559,Dulcinea,Aida,Dulcinea.Aida@yopmail.com,Dulcinea.Aida@gmail.com,developer
560,Ilse,Charmine,Ilse.Charmine@yopmail.com,Ilse.Charmine@gmail.com,worker
561,Letizia,Amadas,Letizia.Amadas@yopmail.com,Letizia.Amadas@gmail.com,firefighter
562,Melanie,Erb,Melanie.Erb@yopmail.com,Melanie.Erb@gmail.com,doctor
563,Taffy,Chauncey,Taffy.Chauncey@yopmail.com,Taffy.Chauncey@gmail.com,doctor
564,Philis,Muriel,Philis.Muriel@yopmail.com,Philis.Muriel@gmail.com,firefighter
565,Rani,Salchunas,Rani.Salchunas@yopmail.com,Rani.Salchunas@gmail.com,worker
566,Trixi,Zenas,Trixi.Zenas@yopmail.com,Trixi.Zenas@gmail.com,firefighter
567,Vanessa,Seagraves,Vanessa.Seagraves@yopmail.com,Vanessa.Seagraves@gmail.com,developer
568,Ekaterina,Dom,Ekaterina.Dom@yopmail.com,Ekaterina.Dom@gmail.com,worker
569,Paule,Ophelia,Paule.Ophelia@yopmail.com,Paule.Ophelia@gmail.com,worker
570,Oona,Poll,Oona.Poll@yopmail.com,Oona.Poll@gmail.com,developer
571,Lita,Lanita,Lita.Lanita@yopmail.com,Lita.Lanita@gmail.com,doctor
572,Rhoda,Wesle,Rhoda.Wesle@yopmail.com,Rhoda.Wesle@gmail.com,police officer
573,Hayley,Palocz,Hayley.Palocz@yopmail.com,Hayley.Palocz@gmail.com,developer
574,Olivette,Toffic,Olivette.Toffic@yopmail.com,Olivette.Toffic@gmail.com,police officer
575,Desirae,Wenda,Desirae.Wenda@yopmail.com,Desirae.Wenda@gmail.com,doctor
576,Courtnay,Brenn,Courtnay.Brenn@yopmail.com,Courtnay.Brenn@gmail.com,firefighter
577,Emylee,Fleeta,Emylee.Fleeta@yopmail.com,Emylee.Fleeta@gmail.com,doctor
578,Elyssa,Fadiman,Elyssa.Fadiman@yopmail.com,Elyssa.Fadiman@gmail.com,doctor
579,Lilith,Mott,Lilith.Mott@yopmail.com,Lilith.Mott@gmail.com,worker
580,Kathy,Carri,Kathy.Carri@yopmail.com,Kathy.Carri@gmail.com,police officer
581,Stevana,Amasa,Stevana.Amasa@yopmail.com,Stevana.Amasa@gmail.com,worker
582,Trixi,Bergman,Trixi.Bergman@yopmail.com,Trixi.Bergman@gmail.com,police officer
583,Annabela,Engdahl,Annabela.Engdahl@yopmail.com,Annabela.Engdahl@gmail.com,doctor
584,Magdalena,Kussell,Magdalena.Kussell@yopmail.com,Magdalena.Kussell@gmail.com,doctor
585,Sean,Barbey,Sean.Barbey@yopmail.com,Sean.Barbey@gmail.com,police officer
586,Carmela,Tremayne,Carmela.Tremayne@yopmail.com,Carmela.Tremayne@gmail.com,doctor
587,Verla,Capello,Verla.Capello@yopmail.com,Verla.Capello@gmail.com,doctor
588,Janeczka,Tomasina,Janeczka.Tomasina@yopmail.com,Janeczka.Tomasina@gmail.com,police officer
589,Fredericka,Thomasina,Fredericka.Thomasina@yopmail.com,Fredericka.Thomasina@gmail.com,police officer
590,Gale,Blake,Gale.Blake@yopmail.com,Gale.Blake@gmail.com,worker
591,Clo,Kronfeld,Clo.Kronfeld@yopmail.com,Clo.Kronfeld@gmail.com,worker
592,Lily,Malina,Lily.Malina@yopmail.com,Lily.Malina@gmail.com,doctor
593,Cathie,Breed,Cathie.Breed@yopmail.com,Cathie.Breed@gmail.com,developer
594,Chrystel,Johnsson,Chrystel.Johnsson@yopmail.com,Chrystel.Johnsson@gmail.com,police officer
595,Jere,Bouchard,Jere.Bouchard@yopmail.com,Jere.Bouchard@gmail.com,developer
596,Glenda,Clarissa,Glenda.Clarissa@yopmail.com,Glenda.Clarissa@gmail.com,police officer
597,Rebeca,Cassius,Rebeca.Cassius@yopmail.com,Rebeca.Cassius@gmail.com,doctor
598,Steffane,Goth,Steffane.Goth@yopmail.com,Steffane.Goth@gmail.com,police officer
599,Babita,Weaks,Babita.Weaks@yopmail.com,Babita.Weaks@gmail.com,worker
600,Gusella,Kannry,Gusella.Kannry@yopmail.com,Gusella.Kannry@gmail.com,worker
601,Gwyneth,O'Carroll,Gwyneth.O'Carroll@yopmail.com,Gwyneth.O'Carroll@gmail.com,police officer
602,Marti,Merriott,Marti.Merriott@yopmail.com,Marti.Merriott@gmail.com,doctor
603,Raina,Danby,Raina.Danby@yopmail.com,Raina.Danby@gmail.com,developer
604,Dale,Poll,Dale.Poll@yopmail.com,Dale.Poll@gmail.com,developer
605,Barbi,Laurianne,Barbi.Laurianne@yopmail.com,Barbi.Laurianne@gmail.com,firefighter
606,Shaylyn,Billye,Shaylyn.Billye@yopmail.com,Shaylyn.Billye@gmail.com,police officer
607,Gwyneth,Sasnett,Gwyneth.Sasnett@yopmail.com,Gwyneth.Sasnett@gmail.com,doctor
608,Harmonia,Gaynor,Harmonia.Gaynor@yopmail.com,Harmonia.Gaynor@gmail.com,police officer
609,Chere,Aloise,Chere.Aloise@yopmail.com,Chere.Aloise@gmail.com,worker
610,Babita,Weitman,Babita.Weitman@yopmail.com,Babita.Weitman@gmail.com,developer
611,Teriann,Jacobah,Teriann.Jacobah@yopmail.com,Teriann.Jacobah@gmail.com,worker
612,Claresta,Tamar,Claresta.Tamar@yopmail.com,Claresta.Tamar@gmail.com,developer
613,Raina,Fiester,Raina.Fiester@yopmail.com,Raina.Fiester@gmail.com,developer
614,Annora,Gibbeon,Annora.Gibbeon@yopmail.com,Annora.Gibbeon@gmail.com,worker
615,Leona,Warthman,Leona.Warthman@yopmail.com,Leona.Warthman@gmail.com,worker
616,Lucy,An,Lucy.An@yopmail.com,Lucy.An@gmail.com,developer
617,Caryl,Anastatius,Caryl.Anastatius@yopmail.com,Caryl.Anastatius@gmail.com,firefighter
618,Rebeca,Wooster,Rebeca.Wooster@yopmail.com,Rebeca.Wooster@gmail.com,doctor
619,Aurelie,Quinn,Aurelie.Quinn@yopmail.com,Aurelie.Quinn@gmail.com,worker
620,Susette,Bates,Susette.Bates@yopmail.com,Susette.Bates@gmail.com,doctor
621,Bernie,Henebry,Bernie.Henebry@yopmail.com,Bernie.Henebry@gmail.com,worker
622,Elsie,Faust,Elsie.Faust@yopmail.com,Elsie.Faust@gmail.com,doctor
623,Georgina,Merat,Georgina.Merat@yopmail.com,Georgina.Merat@gmail.com,worker
624,Anthia,Joeann,Anthia.Joeann@yopmail.com,Anthia.Joeann@gmail.com,firefighter
625,Ashlee,Lory,Ashlee.Lory@yopmail.com,Ashlee.Lory@gmail.com,firefighter
626,Mady,Jillane,Mady.Jillane@yopmail.com,Mady.Jillane@gmail.com,firefighter
627,Lizzie,Byrne,Lizzie.Byrne@yopmail.com,Lizzie.Byrne@gmail.com,developer
628,Melodie,Wattenberg,Melodie.Wattenberg@yopmail.com,Melodie.Wattenberg@gmail.com,developer
629,Betta,Georas,Betta.Georas@yopmail.com,Betta.Georas@gmail.com,police officer
630,Lynde,Dawkins,Lynde.Dawkins@yopmail.com,Lynde.Dawkins@gmail.com,developer
631,Gisela,Pernick,Gisela.Pernick@yopmail.com,Gisela.Pernick@gmail.com,firefighter
632,Aigneis,Terencio,Aigneis.Terencio@yopmail.com,Aigneis.Terencio@gmail.com,firefighter
633,Shannah,Alice,Shannah.Alice@yopmail.com,Shannah.Alice@gmail.com,worker
634,Alie,Leler,Alie.Leler@yopmail.com,Alie.Leler@gmail.com,police officer
635,Anthia,Roscoe,Anthia.Roscoe@yopmail.com,Anthia.Roscoe@gmail.com,firefighter
636,Sabina,Harl,Sabina.Harl@yopmail.com,Sabina.Harl@gmail.com,police officer
637,Jemie,Jenness,Jemie.Jenness@yopmail.com,Jemie.Jenness@gmail.com,doctor
638,Deedee,Rolf,Deedee.Rolf@yopmail.com,Deedee.Rolf@gmail.com,police officer
639,Kalina,Jotham,Kalina.Jotham@yopmail.com,Kalina.Jotham@gmail.com,firefighter
640,Lynea,Iaverne,Lynea.Iaverne@yopmail.com,Lynea.Iaverne@gmail.com,firefighter
641,Marleah,Mallon,Marleah.Mallon@yopmail.com,Marleah.Mallon@gmail.com,doctor
642,Veda,Marsden,Veda.Marsden@yopmail.com,Veda.Marsden@gmail.com,worker
643,Laure,Garlinda,Laure.Garlinda@yopmail.com,Laure.Garlinda@gmail.com,firefighter
644,Wynne,Beebe,Wynne.Beebe@yopmail.com,Wynne.Beebe@gmail.com,police officer
645,Camile,Ahab,Camile.Ahab@yopmail.com,Camile.Ahab@gmail.com,developer
646,Mathilda,Colleen,Mathilda.Colleen@yopmail.com,Mathilda.Colleen@gmail.com,worker
647,Lolita,Dulciana,Lolita.Dulciana@yopmail.com,Lolita.Dulciana@gmail.com,doctor
648,Kathy,Eben,Kathy.Eben@yopmail.com,Kathy.Eben@gmail.com,doctor
649,Beth,Lenny,Beth.Lenny@yopmail.com,Beth.Lenny@gmail.com,firefighter
650,Jessy,Greyson,Jessy.Greyson@yopmail.com,Jessy.Greyson@gmail.com,developer
651,Aigneis,Uund,Aigneis.Uund@yopmail.com,Aigneis.Uund@gmail.com,developer
652,Hannis,Dimitris,Hannis.Dimitris@yopmail.com,Hannis.Dimitris@gmail.com,doctor
653,Merle,Wenoa,Merle.Wenoa@yopmail.com,Merle.Wenoa@gmail.com,developer
654,Joane,Jess,Joane.Jess@yopmail.com,Joane.Jess@gmail.com,firefighter
655,Ulrike,Forrer,Ulrike.Forrer@yopmail.com,Ulrike.Forrer@gmail.com,firefighter
656,Marline,Vastah,Marline.Vastah@yopmail.com,Marline.Vastah@gmail.com,firefighter
657,Albertina,Alrich,Albertina.Alrich@yopmail.com,Albertina.Alrich@gmail.com,firefighter
658,Eolanda,Rebecka,Eolanda.Rebecka@yopmail.com,Eolanda.Rebecka@gmail.com,doctor
659,Xylina,Adlare,Xylina.Adlare@yopmail.com,Xylina.Adlare@gmail.com,police officer
660,Larine,Gale,Larine.Gale@yopmail.com,Larine.Gale@gmail.com,police officer
661,Heddie,Havens,Heddie.Havens@yopmail.com,Heddie.Havens@gmail.com,firefighter
662,Jorry,Quinn,Jorry.Quinn@yopmail.com,Jorry.Quinn@gmail.com,worker
663,Elka,Ellerey,Elka.Ellerey@yopmail.com,Elka.Ellerey@gmail.com,worker
664,Flory,Vale,Flory.Vale@yopmail.com,Flory.Vale@gmail.com,police officer
665,Joceline,Kinnard,Joceline.Kinnard@yopmail.com,Joceline.Kinnard@gmail.com,firefighter
666,Elbertina,Stevy,Elbertina.Stevy@yopmail.com,Elbertina.Stevy@gmail.com,developer
667,Di,Brady,Di.Brady@yopmail.com,Di.Brady@gmail.com,police officer
668,Emilia,Chandler,Emilia.Chandler@yopmail.com,Emilia.Chandler@gmail.com,police officer
669,Alameda,Nea,Alameda.Nea@yopmail.com,Alameda.Nea@gmail.com,worker
670,Cordi,Jethro,Cordi.Jethro@yopmail.com,Cordi.Jethro@gmail.com,worker
671,Latisha,Hathaway,Latisha.Hathaway@yopmail.com,Latisha.Hathaway@gmail.com,doctor
672,Fanchon,Lunsford,Fanchon.Lunsford@yopmail.com,Fanchon.Lunsford@gmail.com,police officer
673,Brianna,Tengdin,Brianna.Tengdin@yopmail.com,Brianna.Tengdin@gmail.com,developer
674,Lyssa,Brunell,Lyssa.Brunell@yopmail.com,Lyssa.Brunell@gmail.com,firefighter
675,Lulita,Jagir,Lulita.Jagir@yopmail.com,Lulita.Jagir@gmail.com,police officer
676,Lindie,Seessel,Lindie.Seessel@yopmail.com,Lindie.Seessel@gmail.com,doctor
677,Rebeca,Dalli,Rebeca.Dalli@yopmail.com,Rebeca.Dalli@gmail.com,doctor
678,Gale,Rolf,Gale.Rolf@yopmail.com,Gale.Rolf@gmail.com,police officer
679,Helena,Valoniah,Helena.Valoniah@yopmail.com,Helena.Valoniah@gmail.com,police officer
680,Stephanie,Virgin,Stephanie.Virgin@yopmail.com,Stephanie.Virgin@gmail.com,police officer
681,Angelique,Ursulette,Angelique.Ursulette@yopmail.com,Angelique.Ursulette@gmail.com,developer
682,Shel,Kaja,Shel.Kaja@yopmail.com,Shel.Kaja@gmail.com,firefighter
683,Shirlee,Freddi,Shirlee.Freddi@yopmail.com,Shirlee.Freddi@gmail.com,firefighter
684,Etta,Longfellow,Etta.Longfellow@yopmail.com,Etta.Longfellow@gmail.com,worker
685,Aurelie,Faria,Aurelie.Faria@yopmail.com,Aurelie.Faria@gmail.com,firefighter
686,Mara,Leopold,Mara.Leopold@yopmail.com,Mara.Leopold@gmail.com,doctor
687,Sadie,Gusella,Sadie.Gusella@yopmail.com,Sadie.Gusella@gmail.com,doctor
688,Bettine,Douglass,Bettine.Douglass@yopmail.com,Bettine.Douglass@gmail.com,developer
689,Jeanna,Fancie,Jeanna.Fancie@yopmail.com,Jeanna.Fancie@gmail.com,police officer
690,Leona,Quent,Leona.Quent@yopmail.com,Leona.Quent@gmail.com,worker
691,Lizzie,Pyle,Lizzie.Pyle@yopmail.com,Lizzie.Pyle@gmail.com,worker
692,Loree,Sinegold,Loree.Sinegold@yopmail.com,Loree.Sinegold@gmail.com,worker
693,Margarette,Persse,Margarette.Persse@yopmail.com,Margarette.Persse@gmail.com,worker
694,Gwenneth,Amethist,Gwenneth.Amethist@yopmail.com,Gwenneth.Amethist@gmail.com,firefighter
695,Nollie,Mich,Nollie.Mich@yopmail.com,Nollie.Mich@gmail.com,police officer
696,Lita,Neils,Lita.Neils@yopmail.com,Lita.Neils@gmail.com,doctor
697,Hallie,Screens,Hallie.Screens@yopmail.com,Hallie.Screens@gmail.com,firefighter
698,Blondelle,Dowski,Blondelle.Dowski@yopmail.com,Blondelle.Dowski@gmail.com,developer
699,Emelina,Dowski,Emelina.Dowski@yopmail.com,Emelina.Dowski@gmail.com,police officer
700,Natka,Agle,Natka.Agle@yopmail.com,Natka.Agle@gmail.com,firefighter
701,Emma,Vanni,Emma.Vanni@yopmail.com,Emma.Vanni@gmail.com,firefighter
702,Sissy,Pip,Sissy.Pip@yopmail.com,Sissy.Pip@gmail.com,doctor
703,Isa,Dulciana,Isa.Dulciana@yopmail.com,Isa.Dulciana@gmail.com,developer
704,Ann-Marie,Henebry,Ann-Marie.Henebry@yopmail.com,Ann-Marie.Henebry@gmail.com,police officer
705,Jeanna,Hashim,Jeanna.Hashim@yopmail.com,Jeanna.Hashim@gmail.com,developer
706,Brena,Kannry,Brena.Kannry@yopmail.com,Brena.Kannry@gmail.com,developer
707,Larine,Rosette,Larine.Rosette@yopmail.com,Larine.Rosette@gmail.com,firefighter
708,Loree,Honoria,Loree.Honoria@yopmail.com,Loree.Honoria@gmail.com,developer
709,Millie,Kevon,Millie.Kevon@yopmail.com,Millie.Kevon@gmail.com,developer
710,Shirlee,Darbie,Shirlee.Darbie@yopmail.com,Shirlee.Darbie@gmail.com,worker
711,Gusty,Matthew,Gusty.Matthew@yopmail.com,Gusty.Matthew@gmail.com,developer
712,Harrietta,Romelda,Harrietta.Romelda@yopmail.com,Harrietta.Romelda@gmail.com,doctor
713,Susan,Henrie,Susan.Henrie@yopmail.com,Susan.Henrie@gmail.com,police officer
714,Lorie,Mozelle,Lorie.Mozelle@yopmail.com,Lorie.Mozelle@gmail.com,firefighter
715,Alyssa,Carolin,Alyssa.Carolin@yopmail.com,Alyssa.Carolin@gmail.com,developer
716,Wendi,Minetta,Wendi.Minetta@yopmail.com,Wendi.Minetta@gmail.com,doctor
717,Cristabel,Leonard,Cristabel.Leonard@yopmail.com,Cristabel.Leonard@gmail.com,developer
718,Arlina,Adlare,Arlina.Adlare@yopmail.com,Arlina.Adlare@gmail.com,doctor
719,Roslyn,Eben,Roslyn.Eben@yopmail.com,Roslyn.Eben@gmail.com,worker
720,Zaria,Gavrila,Zaria.Gavrila@yopmail.com,Zaria.Gavrila@gmail.com,developer
721,Rebeca,Eno,Rebeca.Eno@yopmail.com,Rebeca.Eno@gmail.com,firefighter
722,Joane,Tippets,Joane.Tippets@yopmail.com,Joane.Tippets@gmail.com,worker
723,Adelle,Giff,Adelle.Giff@yopmail.com,Adelle.Giff@gmail.com,worker
724,Donnie,Japeth,Donnie.Japeth@yopmail.com,Donnie.Japeth@gmail.com,doctor
725,Thalia,Madox,Thalia.Madox@yopmail.com,Thalia.Madox@gmail.com,firefighter
726,Rosaline,Vilma,Rosaline.Vilma@yopmail.com,Rosaline.Vilma@gmail.com,developer
727,Cecile,Guthrie,Cecile.Guthrie@yopmail.com,Cecile.Guthrie@gmail.com,developer
728,Perry,Tamsky,Perry.Tamsky@yopmail.com,Perry.Tamsky@gmail.com,doctor
729,Jackie,Saunderson,Jackie.Saunderson@yopmail.com,Jackie.Saunderson@gmail.com,firefighter
730,Eadie,Cosenza,Eadie.Cosenza@yopmail.com,Eadie.Cosenza@gmail.com,firefighter
731,Cathie,Gahl,Cathie.Gahl@yopmail.com,Cathie.Gahl@gmail.com,doctor
732,Mignon,Rolf,Mignon.Rolf@yopmail.com,Mignon.Rolf@gmail.com,police officer
733,Dawn,Earlie,Dawn.Earlie@yopmail.com,Dawn.Earlie@gmail.com,firefighter
734,Beth,Sheedy,Beth.Sheedy@yopmail.com,Beth.Sheedy@gmail.com,worker
735,Averyl,Ajay,Averyl.Ajay@yopmail.com,Averyl.Ajay@gmail.com,firefighter
736,Rebeca,Mitzi,Rebeca.Mitzi@yopmail.com,Rebeca.Mitzi@gmail.com,doctor
737,Bernie,Letsou,Bernie.Letsou@yopmail.com,Bernie.Letsou@gmail.com,worker
738,Audrie,Lipson,Audrie.Lipson@yopmail.com,Audrie.Lipson@gmail.com,police officer
739,Sonni,Dawkins,Sonni.Dawkins@yopmail.com,Sonni.Dawkins@gmail.com,doctor
740,Winny,Rugen,Winny.Rugen@yopmail.com,Winny.Rugen@gmail.com,firefighter
741,Dede,Gherardo,Dede.Gherardo@yopmail.com,Dede.Gherardo@gmail.com,firefighter
742,Hettie,Phyllis,Hettie.Phyllis@yopmail.com,Hettie.Phyllis@gmail.com,developer
743,Stevana,Ader,Stevana.Ader@yopmail.com,Stevana.Ader@gmail.com,worker
744,Robinia,Lorenz,Robinia.Lorenz@yopmail.com,Robinia.Lorenz@gmail.com,firefighter
745,Tarra,Earlie,Tarra.Earlie@yopmail.com,Tarra.Earlie@gmail.com,worker
746,Frieda,Lamoree,Frieda.Lamoree@yopmail.com,Frieda.Lamoree@gmail.com,worker
747,Anica,Faria,Anica.Faria@yopmail.com,Anica.Faria@gmail.com,developer
748,Candy,Jarib,Candy.Jarib@yopmail.com,Candy.Jarib@gmail.com,firefighter
749,Chloris,Nunci,Chloris.Nunci@yopmail.com,Chloris.Nunci@gmail.com,firefighter
750,Lita,Brackely,Lita.Brackely@yopmail.com,Lita.Brackely@gmail.com,doctor
751,Genevra,Afton,Genevra.Afton@yopmail.com,Genevra.Afton@gmail.com,firefighter
752,Philis,Silvan,Philis.Silvan@yopmail.com,Philis.Silvan@gmail.com,police officer
753,Rhea,Dreda,Rhea.Dreda@yopmail.com,Rhea.Dreda@gmail.com,police officer
754,Elsie,Zola,Elsie.Zola@yopmail.com,Elsie.Zola@gmail.com,worker
755,Tabbatha,Rodmann,Tabbatha.Rodmann@yopmail.com,Tabbatha.Rodmann@gmail.com,worker
756,Frank,Robertson,Frank.Robertson@yopmail.com,Frank.Robertson@gmail.com,firefighter
757,Cathie,Adore,Cathie.Adore@yopmail.com,Cathie.Adore@gmail.com,doctor
758,Lorne,Bevin,Lorne.Bevin@yopmail.com,Lorne.Bevin@gmail.com,doctor
759,Hyacinthe,Kazimir,Hyacinthe.Kazimir@yopmail.com,Hyacinthe.Kazimir@gmail.com,developer
760,Eugine,Avi,Eugine.Avi@yopmail.com,Eugine.Avi@gmail.com,firefighter
761,Robinia,Roarke,Robinia.Roarke@yopmail.com,Robinia.Roarke@gmail.com,worker
762,Harmonia,Gibbeon,Harmonia.Gibbeon@yopmail.com,Harmonia.Gibbeon@gmail.com,firefighter
763,Jinny,Anis,Jinny.Anis@yopmail.com,Jinny.Anis@gmail.com,firefighter
764,Harmonia,Salchunas,Harmonia.Salchunas@yopmail.com,Harmonia.Salchunas@gmail.com,developer
765,Mildrid,Brenn,Mildrid.Brenn@yopmail.com,Mildrid.Brenn@gmail.com,developer
766,Frieda,Bonilla,Frieda.Bonilla@yopmail.com,Frieda.Bonilla@gmail.com,doctor
767,Shannah,Keelia,Shannah.Keelia@yopmail.com,Shannah.Keelia@gmail.com,police officer
768,Joelly,Kaete,Joelly.Kaete@yopmail.com,Joelly.Kaete@gmail.com,firefighter
769,Jackie,Krystle,Jackie.Krystle@yopmail.com,Jackie.Krystle@gmail.com,developer
770,Elbertina,Katrine,Elbertina.Katrine@yopmail.com,Elbertina.Katrine@gmail.com,developer
771,Pierette,Dulciana,Pierette.Dulciana@yopmail.com,Pierette.Dulciana@gmail.com,firefighter
772,Pollyanna,O'Rourke,Pollyanna.O'Rourke@yopmail.com,Pollyanna.O'Rourke@gmail.com,doctor
773,Maridel,Roarke,Maridel.Roarke@yopmail.com,Maridel.Roarke@gmail.com,developer
774,Josephine,Sothena,Josephine.Sothena@yopmail.com,Josephine.Sothena@gmail.com,doctor
775,Brena,Francene,Brena.Francene@yopmail.com,Brena.Francene@gmail.com,doctor
776,Corina,Klotz,Corina.Klotz@yopmail.com,Corina.Klotz@gmail.com,doctor
777,Darlleen,Nance,Darlleen.Nance@yopmail.com,Darlleen.Nance@gmail.com,doctor
778,Inga,Latini,Inga.Latini@yopmail.com,Inga.Latini@gmail.com,worker
779,Beatriz,Haldas,Beatriz.Haldas@yopmail.com,Beatriz.Haldas@gmail.com,police officer
780,Jennica,Ciro,Jennica.Ciro@yopmail.com,Jennica.Ciro@gmail.com,worker
781,Amara,Jalbert,Amara.Jalbert@yopmail.com,Amara.Jalbert@gmail.com,firefighter
782,Blinni,Clarissa,Blinni.Clarissa@yopmail.com,Blinni.Clarissa@gmail.com,developer
783,Calla,Edvard,Calla.Edvard@yopmail.com,Calla.Edvard@gmail.com,police officer
784,Mallory,Hewitt,Mallory.Hewitt@yopmail.com,Mallory.Hewitt@gmail.com,police officer
785,Morganica,Emerson,Morganica.Emerson@yopmail.com,Morganica.Emerson@gmail.com,firefighter
786,Caritta,Sheedy,Caritta.Sheedy@yopmail.com,Caritta.Sheedy@gmail.com,doctor
787,Letizia,Carleen,Letizia.Carleen@yopmail.com,Letizia.Carleen@gmail.com,worker
788,Fina,Sancho,Fina.Sancho@yopmail.com,Fina.Sancho@gmail.com,firefighter
789,Merry,Euridice,Merry.Euridice@yopmail.com,Merry.Euridice@gmail.com,police officer
790,Tybie,Rustice,Tybie.Rustice@yopmail.com,Tybie.Rustice@gmail.com,developer
791,Sidoney,Ball,Sidoney.Ball@yopmail.com,Sidoney.Ball@gmail.com,developer
792,Ariela,Jenness,Ariela.Jenness@yopmail.com,Ariela.Jenness@gmail.com,firefighter
793,Mireielle,Ferrell,Mireielle.Ferrell@yopmail.com,Mireielle.Ferrell@gmail.com,doctor
794,Josephine,Emmy,Josephine.Emmy@yopmail.com,Josephine.Emmy@gmail.com,doctor
795,Clementine,Bari,Clementine.Bari@yopmail.com,Clementine.Bari@gmail.com,police officer
796,Kristan,Angelis,Kristan.Angelis@yopmail.com,Kristan.Angelis@gmail.com,firefighter
797,Tori,Malina,Tori.Malina@yopmail.com,Tori.Malina@gmail.com,firefighter
798,Brana,Phi,Brana.Phi@yopmail.com,Brana.Phi@gmail.com,developer
799,Ebonee,Guildroy,Ebonee.Guildroy@yopmail.com,Ebonee.Guildroy@gmail.com,police officer
800,Rebeca,Zitvaa,Rebeca.Zitvaa@yopmail.com,Rebeca.Zitvaa@gmail.com,police officer
801,Gilda,Magdalen,Gilda.Magdalen@yopmail.com,Gilda.Magdalen@gmail.com,developer
802,Ericka,Chobot,Ericka.Chobot@yopmail.com,Ericka.Chobot@gmail.com,worker
803,Talya,Chrystel,Talya.Chrystel@yopmail.com,Talya.Chrystel@gmail.com,police officer
804,Elora,Joli,Elora.Joli@yopmail.com,Elora.Joli@gmail.com,police officer
805,Mellicent,Sadowski,Mellicent.Sadowski@yopmail.com,Mellicent.Sadowski@gmail.com,firefighter
806,Alyda,Bebe,Alyda.Bebe@yopmail.com,Alyda.Bebe@gmail.com,developer
807,Emilia,Docilla,Emilia.Docilla@yopmail.com,Emilia.Docilla@gmail.com,developer
808,Larine,Wallis,Larine.Wallis@yopmail.com,Larine.Wallis@gmail.com,doctor
809,Merle,Hunfredo,Merle.Hunfredo@yopmail.com,Merle.Hunfredo@gmail.com,firefighter
810,Alisha,Luhe,Alisha.Luhe@yopmail.com,Alisha.Luhe@gmail.com,police officer
811,Etta,Saint,Etta.Saint@yopmail.com,Etta.Saint@gmail.com,firefighter
812,Micheline,Wu,Micheline.Wu@yopmail.com,Micheline.Wu@gmail.com,police officer
813,Violet,Yoko,Violet.Yoko@yopmail.com,Violet.Yoko@gmail.com,firefighter
814,Tamqrah,McNully,Tamqrah.McNully@yopmail.com,Tamqrah.McNully@gmail.com,firefighter
815,Rhea,Selway,Rhea.Selway@yopmail.com,Rhea.Selway@gmail.com,firefighter
816,Nollie,Pandolfi,Nollie.Pandolfi@yopmail.com,Nollie.Pandolfi@gmail.com,doctor
817,Beth,Knowling,Beth.Knowling@yopmail.com,Beth.Knowling@gmail.com,worker
818,Bobinette,Gert,Bobinette.Gert@yopmail.com,Bobinette.Gert@gmail.com,worker
819,Clarice,Johanna,Clarice.Johanna@yopmail.com,Clarice.Johanna@gmail.com,developer
820,Hope,Claudine,Hope.Claudine@yopmail.com,Hope.Claudine@gmail.com,worker
821,Queenie,Emmy,Queenie.Emmy@yopmail.com,Queenie.Emmy@gmail.com,worker
822,Almeta,Phyllis,Almeta.Phyllis@yopmail.com,Almeta.Phyllis@gmail.com,doctor
823,Celestyna,Tound,Celestyna.Tound@yopmail.com,Celestyna.Tound@gmail.com,firefighter
824,Helsa,Cosenza,Helsa.Cosenza@yopmail.com,Helsa.Cosenza@gmail.com,police officer
825,Aeriela,Westphal,Aeriela.Westphal@yopmail.com,Aeriela.Westphal@gmail.com,worker
826,Dorice,McGrody,Dorice.McGrody@yopmail.com,Dorice.McGrody@gmail.com,firefighter
827,Farrah,Salchunas,Farrah.Salchunas@yopmail.com,Farrah.Salchunas@gmail.com,firefighter
828,Donetta,Francene,Donetta.Francene@yopmail.com,Donetta.Francene@gmail.com,police officer
829,Steffane,Newell,Steffane.Newell@yopmail.com,Steffane.Newell@gmail.com,police officer
830,Kaia,Kiyoshi,Kaia.Kiyoshi@yopmail.com,Kaia.Kiyoshi@gmail.com,police officer
831,Lynde,Nore,Lynde.Nore@yopmail.com,Lynde.Nore@gmail.com,police officer
832,Mallory,Sadowski,Mallory.Sadowski@yopmail.com,Mallory.Sadowski@gmail.com,doctor
833,Ashlee,Borrell,Ashlee.Borrell@yopmail.com,Ashlee.Borrell@gmail.com,firefighter
834,Janis,Dorcy,Janis.Dorcy@yopmail.com,Janis.Dorcy@gmail.com,police officer
835,Neila,Cynar,Neila.Cynar@yopmail.com,Neila.Cynar@gmail.com,firefighter
836,Damaris,Curren,Damaris.Curren@yopmail.com,Damaris.Curren@gmail.com,police officer
837,Oona,Santoro,Oona.Santoro@yopmail.com,Oona.Santoro@gmail.com,firefighter
838,Marguerite,Melleta,Marguerite.Melleta@yopmail.com,Marguerite.Melleta@gmail.com,developer
839,Blinni,Luhe,Blinni.Luhe@yopmail.com,Blinni.Luhe@gmail.com,firefighter
840,Aigneis,Girardo,Aigneis.Girardo@yopmail.com,Aigneis.Girardo@gmail.com,police officer
841,Nita,Ruvolo,Nita.Ruvolo@yopmail.com,Nita.Ruvolo@gmail.com,firefighter
842,Annora,Darrell,Annora.Darrell@yopmail.com,Annora.Darrell@gmail.com,doctor
843,Leia,Hollingsworth,Leia.Hollingsworth@yopmail.com,Leia.Hollingsworth@gmail.com,firefighter
844,Sharai,Bibi,Sharai.Bibi@yopmail.com,Sharai.Bibi@gmail.com,police officer
845,Adore,Ochs,Adore.Ochs@yopmail.com,Adore.Ochs@gmail.com,firefighter
846,Georgina,Wu,Georgina.Wu@yopmail.com,Georgina.Wu@gmail.com,developer
847,Anica,Pond,Anica.Pond@yopmail.com,Anica.Pond@gmail.com,firefighter
848,Shel,Atcliffe,Shel.Atcliffe@yopmail.com,Shel.Atcliffe@gmail.com,developer
849,Ursulina,Baudin,Ursulina.Baudin@yopmail.com,Ursulina.Baudin@gmail.com,worker
850,Kate,Zitvaa,Kate.Zitvaa@yopmail.com,Kate.Zitvaa@gmail.com,firefighter
851,Tonia,Reidar,Tonia.Reidar@yopmail.com,Tonia.Reidar@gmail.com,developer
852,Vinita,Rosalba,Vinita.Rosalba@yopmail.com,Vinita.Rosalba@gmail.com,worker
853,Ingrid,Even,Ingrid.Even@yopmail.com,Ingrid.Even@gmail.com,firefighter
854,Dotty,Travax,Dotty.Travax@yopmail.com,Dotty.Travax@gmail.com,police officer
855,Ida,Norvol,Ida.Norvol@yopmail.com,Ida.Norvol@gmail.com,police officer
856,Lacie,Oriana,Lacie.Oriana@yopmail.com,Lacie.Oriana@gmail.com,police officer
857,Cissiee,McNully,Cissiee.McNully@yopmail.com,Cissiee.McNully@gmail.com,police officer
858,Michaelina,Brittani,Michaelina.Brittani@yopmail.com,Michaelina.Brittani@gmail.com,developer
859,Henriette,Rona,Henriette.Rona@yopmail.com,Henriette.Rona@gmail.com,police officer
860,Maryellen,Ariella,Maryellen.Ariella@yopmail.com,Maryellen.Ariella@gmail.com,doctor
861,Loree,Dom,Loree.Dom@yopmail.com,Loree.Dom@gmail.com,firefighter
862,Teddie,Bryna,Teddie.Bryna@yopmail.com,Teddie.Bryna@gmail.com,firefighter
863,Dulce,Dowski,Dulce.Dowski@yopmail.com,Dulce.Dowski@gmail.com,police officer
864,Lanna,Roumell,Lanna.Roumell@yopmail.com,Lanna.Roumell@gmail.com,doctor
865,Luci,Bronk,Luci.Bronk@yopmail.com,Luci.Bronk@gmail.com,developer
866,Meriel,Rurik,Meriel.Rurik@yopmail.com,Meriel.Rurik@gmail.com,doctor
867,Leanna,Seumas,Leanna.Seumas@yopmail.com,Leanna.Seumas@gmail.com,worker
868,Nikki,Hubert,Nikki.Hubert@yopmail.com,Nikki.Hubert@gmail.com,police officer
869,Taffy,O'Rourke,Taffy.O'Rourke@yopmail.com,Taffy.O'Rourke@gmail.com,developer
870,Gerrie,Gert,Gerrie.Gert@yopmail.com,Gerrie.Gert@gmail.com,developer
871,Gloria,Pond,Gloria.Pond@yopmail.com,Gloria.Pond@gmail.com,firefighter
872,Devina,Gilmour,Devina.Gilmour@yopmail.com,Devina.Gilmour@gmail.com,developer
873,Lynde,Lia,Lynde.Lia@yopmail.com,Lynde.Lia@gmail.com,doctor
874,Stephanie,Brandice,Stephanie.Brandice@yopmail.com,Stephanie.Brandice@gmail.com,firefighter
875,Lucille,Hewitt,Lucille.Hewitt@yopmail.com,Lucille.Hewitt@gmail.com,developer
876,Bibby,Radu,Bibby.Radu@yopmail.com,Bibby.Radu@gmail.com,police officer
877,Halette,Havens,Halette.Havens@yopmail.com,Halette.Havens@gmail.com,worker
878,Rochette,Fancie,Rochette.Fancie@yopmail.com,Rochette.Fancie@gmail.com,police officer
879,Aurore,Virgin,Aurore.Virgin@yopmail.com,Aurore.Virgin@gmail.com,police officer
880,Micheline,Urias,Micheline.Urias@yopmail.com,Micheline.Urias@gmail.com,police officer
881,Ninnetta,Fennessy,Ninnetta.Fennessy@yopmail.com,Ninnetta.Fennessy@gmail.com,worker
882,Desirae,Sabella,Desirae.Sabella@yopmail.com,Desirae.Sabella@gmail.com,police officer
883,Asia,Bethany,Asia.Bethany@yopmail.com,Asia.Bethany@gmail.com,police officer
884,Cordi,Gaspard,Cordi.Gaspard@yopmail.com,Cordi.Gaspard@gmail.com,police officer
885,Hope,Baylor,Hope.Baylor@yopmail.com,Hope.Baylor@gmail.com,worker
886,Natka,Bendick,Natka.Bendick@yopmail.com,Natka.Bendick@gmail.com,police officer
887,Katharina,Bibi,Katharina.Bibi@yopmail.com,Katharina.Bibi@gmail.com,worker
888,Cissiee,Ophelia,Cissiee.Ophelia@yopmail.com,Cissiee.Ophelia@gmail.com,developer
889,Lily,Toffic,Lily.Toffic@yopmail.com,Lily.Toffic@gmail.com,developer
890,Corly,Frodi,Corly.Frodi@yopmail.com,Corly.Frodi@gmail.com,firefighter
891,Ethel,Gunn,Ethel.Gunn@yopmail.com,Ethel.Gunn@gmail.com,police officer
892,Ebonee,Medrek,Ebonee.Medrek@yopmail.com,Ebonee.Medrek@gmail.com,developer
893,Chloris,Etom,Chloris.Etom@yopmail.com,Chloris.Etom@gmail.com,doctor
894,Lucy,Terencio,Lucy.Terencio@yopmail.com,Lucy.Terencio@gmail.com,police officer
895,Ardys,Rudolph,Ardys.Rudolph@yopmail.com,Ardys.Rudolph@gmail.com,police officer
896,Jenda,Nerita,Jenda.Nerita@yopmail.com,Jenda.Nerita@gmail.com,doctor
897,Rivalee,Hilbert,Rivalee.Hilbert@yopmail.com,Rivalee.Hilbert@gmail.com,developer
898,Gwyneth,Israeli,Gwyneth.Israeli@yopmail.com,Gwyneth.Israeli@gmail.com,firefighter
899,Thalia,Doig,Thalia.Doig@yopmail.com,Thalia.Doig@gmail.com,firefighter
900,Sadie,Docilla,Sadie.Docilla@yopmail.com,Sadie.Docilla@gmail.com,worker
901,Tierney,Hailee,Tierney.Hailee@yopmail.com,Tierney.Hailee@gmail.com,firefighter
902,Jinny,Bebe,Jinny.Bebe@yopmail.com,Jinny.Bebe@gmail.com,doctor
903,Vivia,Cherianne,Vivia.Cherianne@yopmail.com,Vivia.Cherianne@gmail.com,police officer
904,Lauryn,Bonucci,Lauryn.Bonucci@yopmail.com,Lauryn.Bonucci@gmail.com,worker
905,Yetty,Gino,Yetty.Gino@yopmail.com,Yetty.Gino@gmail.com,police officer
906,Ann-Marie,Stover,Ann-Marie.Stover@yopmail.com,Ann-Marie.Stover@gmail.com,worker
907,Tarra,Jary,Tarra.Jary@yopmail.com,Tarra.Jary@gmail.com,developer
908,Tersina,Palocz,Tersina.Palocz@yopmail.com,Tersina.Palocz@gmail.com,firefighter
909,Margette,Lesley,Margette.Lesley@yopmail.com,Margette.Lesley@gmail.com,firefighter
910,Chickie,Persse,Chickie.Persse@yopmail.com,Chickie.Persse@gmail.com,police officer
911,Jany,Ingra,Jany.Ingra@yopmail.com,Jany.Ingra@gmail.com,firefighter
912,Grier,Bonucci,Grier.Bonucci@yopmail.com,Grier.Bonucci@gmail.com,developer
913,Micheline,Jammal,Micheline.Jammal@yopmail.com,Micheline.Jammal@gmail.com,worker
914,Millie,Thilda,Millie.Thilda@yopmail.com,Millie.Thilda@gmail.com,firefighter
915,Dorthy,Posner,Dorthy.Posner@yopmail.com,Dorthy.Posner@gmail.com,developer
916,Caritta,Dosia,Caritta.Dosia@yopmail.com,Caritta.Dosia@gmail.com,worker
917,Raina,Destinee,Raina.Destinee@yopmail.com,Raina.Destinee@gmail.com,worker
918,Marnia,Neva,Marnia.Neva@yopmail.com,Marnia.Neva@gmail.com,developer
919,Consuela,McLaughlin,Consuela.McLaughlin@yopmail.com,Consuela.McLaughlin@gmail.com,worker
920,Cacilie,Papageno,Cacilie.Papageno@yopmail.com,Cacilie.Papageno@gmail.com,developer
921,Aurelie,Calhoun,Aurelie.Calhoun@yopmail.com,Aurelie.Calhoun@gmail.com,worker
922,Gabi,Brackely,Gabi.Brackely@yopmail.com,Gabi.Brackely@gmail.com,worker
923,Dagmar,Belanger,Dagmar.Belanger@yopmail.com,Dagmar.Belanger@gmail.com,police officer
924,Pollyanna,Magnolia,Pollyanna.Magnolia@yopmail.com,Pollyanna.Magnolia@gmail.com,developer
925,Kelly,Carleen,Kelly.Carleen@yopmail.com,Kelly.Carleen@gmail.com,doctor
926,Renae,Ioab,Renae.Ioab@yopmail.com,Renae.Ioab@gmail.com,firefighter
927,Darlleen,Delp,Darlleen.Delp@yopmail.com,Darlleen.Delp@gmail.com,developer
928,Corly,Leffen,Corly.Leffen@yopmail.com,Corly.Leffen@gmail.com,developer
929,Emma,Wenoa,Emma.Wenoa@yopmail.com,Emma.Wenoa@gmail.com,developer
930,Jessy,Hessler,Jessy.Hessler@yopmail.com,Jessy.Hessler@gmail.com,doctor
931,Clo,Louanna,Clo.Louanna@yopmail.com,Clo.Louanna@gmail.com,doctor
932,Trudie,Barrus,Trudie.Barrus@yopmail.com,Trudie.Barrus@gmail.com,developer
933,Dagmar,Sammons,Dagmar.Sammons@yopmail.com,Dagmar.Sammons@gmail.com,worker
934,Amelia,Dearborn,Amelia.Dearborn@yopmail.com,Amelia.Dearborn@gmail.com,police officer
935,Sabina,Dorothy,Sabina.Dorothy@yopmail.com,Sabina.Dorothy@gmail.com,doctor
936,Daphne,Brieta,Daphne.Brieta@yopmail.com,Daphne.Brieta@gmail.com,police officer
937,Minda,Hathaway,Minda.Hathaway@yopmail.com,Minda.Hathaway@gmail.com,police officer
938,Brana,Levey,Brana.Levey@yopmail.com,Brana.Levey@gmail.com,doctor
939,Asia,Cressida,Asia.Cressida@yopmail.com,Asia.Cressida@gmail.com,doctor
940,Laurene,Maurine,Laurene.Maurine@yopmail.com,Laurene.Maurine@gmail.com,developer
941,Violet,Newell,Violet.Newell@yopmail.com,Violet.Newell@gmail.com,firefighter
942,Nelle,Roumell,Nelle.Roumell@yopmail.com,Nelle.Roumell@gmail.com,worker
943,Libbie,Berl,Libbie.Berl@yopmail.com,Libbie.Berl@gmail.com,worker
944,Michaelina,Lorenz,Michaelina.Lorenz@yopmail.com,Michaelina.Lorenz@gmail.com,developer
945,Jemie,Philipp,Jemie.Philipp@yopmail.com,Jemie.Philipp@gmail.com,worker
946,Tera,Linskey,Tera.Linskey@yopmail.com,Tera.Linskey@gmail.com,worker
947,Corina,Connelly,Corina.Connelly@yopmail.com,Corina.Connelly@gmail.com,police officer
948,Myriam,Thilda,Myriam.Thilda@yopmail.com,Myriam.Thilda@gmail.com,worker
949,Alejandra,Oneida,Alejandra.Oneida@yopmail.com,Alejandra.Oneida@gmail.com,firefighter
950,Robinia,Judye,Robinia.Judye@yopmail.com,Robinia.Judye@gmail.com,firefighter
951,Deirdre,Lail,Deirdre.Lail@yopmail.com,Deirdre.Lail@gmail.com,worker
952,Tiffie,Rodmann,Tiffie.Rodmann@yopmail.com,Tiffie.Rodmann@gmail.com,developer
953,Tressa,Lucienne,Tressa.Lucienne@yopmail.com,Tressa.Lucienne@gmail.com,firefighter
954,Ebonee,Robertson,Ebonee.Robertson@yopmail.com,Ebonee.Robertson@gmail.com,worker
955,Berget,Luhe,Berget.Luhe@yopmail.com,Berget.Luhe@gmail.com,worker
956,Clary,Ambrosia,Clary.Ambrosia@yopmail.com,Clary.Ambrosia@gmail.com,developer
957,Kate,Gwenore,Kate.Gwenore@yopmail.com,Kate.Gwenore@gmail.com,firefighter
958,Dania,Johnsson,Dania.Johnsson@yopmail.com,Dania.Johnsson@gmail.com,police officer
959,Mildrid,Irmine,Mildrid.Irmine@yopmail.com,Mildrid.Irmine@gmail.com,worker
960,Lulita,Nunci,Lulita.Nunci@yopmail.com,Lulita.Nunci@gmail.com,developer
961,Amara,Jefferey,Amara.Jefferey@yopmail.com,Amara.Jefferey@gmail.com,firefighter
962,Marita,Posner,Marita.Posner@yopmail.com,Marita.Posner@gmail.com,doctor
963,Charissa,Jacobah,Charissa.Jacobah@yopmail.com,Charissa.Jacobah@gmail.com,police officer
964,Nonnah,Melony,Nonnah.Melony@yopmail.com,Nonnah.Melony@gmail.com,firefighter
965,Mady,Daveta,Mady.Daveta@yopmail.com,Mady.Daveta@gmail.com,firefighter
966,Luci,Atonsah,Luci.Atonsah@yopmail.com,Luci.Atonsah@gmail.com,doctor
967,Carol-Jean,Ehrman,Carol-Jean.Ehrman@yopmail.com,Carol-Jean.Ehrman@gmail.com,police officer
968,Cristine,Malvino,Cristine.Malvino@yopmail.com,Cristine.Malvino@gmail.com,developer
969,Shandie,Hewitt,Shandie.Hewitt@yopmail.com,Shandie.Hewitt@gmail.com,firefighter
970,Flory,Winnick,Flory.Winnick@yopmail.com,Flory.Winnick@gmail.com,worker
971,Shaylyn,Nore,Shaylyn.Nore@yopmail.com,Shaylyn.Nore@gmail.com,doctor
972,Nollie,Ehrman,Nollie.Ehrman@yopmail.com,Nollie.Ehrman@gmail.com,developer
973,Blondelle,Bari,Blondelle.Bari@yopmail.com,Blondelle.Bari@gmail.com,doctor
974,Linzy,Maryanne,Linzy.Maryanne@yopmail.com,Linzy.Maryanne@gmail.com,firefighter
975,Queenie,Firmin,Queenie.Firmin@yopmail.com,Queenie.Firmin@gmail.com,doctor
976,Aurelie,Fennessy,Aurelie.Fennessy@yopmail.com,Aurelie.Fennessy@gmail.com,doctor
977,Gretal,Lucienne,Gretal.Lucienne@yopmail.com,Gretal.Lucienne@gmail.com,worker
978,Lanna,Gregrory,Lanna.Gregrory@yopmail.com,Lanna.Gregrory@gmail.com,developer
979,Chere,Sophronia,Chere.Sophronia@yopmail.com,Chere.Sophronia@gmail.com,worker
980,Carilyn,Dosia,Carilyn.Dosia@yopmail.com,Carilyn.Dosia@gmail.com,worker
981,Hettie,Sidonius,Hettie.Sidonius@yopmail.com,Hettie.Sidonius@gmail.com,developer
982,Sheelagh,Ricki,Sheelagh.Ricki@yopmail.com,Sheelagh.Ricki@gmail.com,police officer
983,Sindee,Keelia,Sindee.Keelia@yopmail.com,Sindee.Keelia@gmail.com,worker
984,Amalie,Beebe,Amalie.Beebe@yopmail.com,Amalie.Beebe@gmail.com,firefighter
985,Ardeen,Baudin,Ardeen.Baudin@yopmail.com,Ardeen.Baudin@gmail.com,doctor
986,Jasmina,Anis,Jasmina.Anis@yopmail.com,Jasmina.Anis@gmail.com,developer
987,Jessamyn,Pearse,Jessamyn.Pearse@yopmail.com,Jessamyn.Pearse@gmail.com,firefighter
988,Merci,Reinke,Merci.Reinke@yopmail.com,Merci.Reinke@gmail.com,worker
989,Phedra,Donell,Phedra.Donell@yopmail.com,Phedra.Donell@gmail.com,worker
990,Joane,Cosenza,Joane.Cosenza@yopmail.com,Joane.Cosenza@gmail.com,doctor
991,Doro,Blase,Doro.Blase@yopmail.com,Doro.Blase@gmail.com,developer
992,Jackie,Gaal,Jackie.Gaal@yopmail.com,Jackie.Gaal@gmail.com,police officer
993,Kathi,Maisey,Kathi.Maisey@yopmail.com,Kathi.Maisey@gmail.com,worker
994,Amara,Granoff,Amara.Granoff@yopmail.com,Amara.Granoff@gmail.com,police officer
995,Johna,Darbie,Johna.Darbie@yopmail.com,Johna.Darbie@gmail.com,worker
996,Iseabal,Katrine,Iseabal.Katrine@yopmail.com,Iseabal.Katrine@gmail.com,worker
997,Katleen,Gaulin,Katleen.Gaulin@yopmail.com,Katleen.Gaulin@gmail.com,police officer
998,Cristine,Pulsifer,Cristine.Pulsifer@yopmail.com,Cristine.Pulsifer@gmail.com,firefighter
999,Eve,Skell,Eve.Skell@yopmail.com,Eve.Skell@gmail.com,developer
1000,Hildegaard,Shuler,Hildegaard.Shuler@yopmail.com,Hildegaard.Shuler@gmail.com,worker
1001,Dulce,O'Neill,Dulce.O'Neill@yopmail.com,Dulce.O'Neill@gmail.com,police officer
1002,Valli,Boycey,Valli.Boycey@yopmail.com,Valli.Boycey@gmail.com,police officer
1003,Linzy,Urias,Linzy.Urias@yopmail.com,Linzy.Urias@gmail.com,worker
1004,Tracey,Gillan,Tracey.Gillan@yopmail.com,Tracey.Gillan@gmail.com,worker
1005,Latisha,Reinke,Latisha.Reinke@yopmail.com,Latisha.Reinke@gmail.com,worker
1006,Mathilda,Jenness,Mathilda.Jenness@yopmail.com,Mathilda.Jenness@gmail.com,firefighter
1007,Romona,Berl,Romona.Berl@yopmail.com,Romona.Berl@gmail.com,police officer
1008,Karena,Letsou,Karena.Letsou@yopmail.com,Karena.Letsou@gmail.com,firefighter
1009,Genevra,Trinetta,Genevra.Trinetta@yopmail.com,Genevra.Trinetta@gmail.com,police officer
1010,Lorenza,Pettiford,Lorenza.Pettiford@yopmail.com,Lorenza.Pettiford@gmail.com,doctor
1011,Monika,Afton,Monika.Afton@yopmail.com,Monika.Afton@gmail.com,worker
1012,Berget,Catie,Berget.Catie@yopmail.com,Berget.Catie@gmail.com,worker
1013,Babita,Tryck,Babita.Tryck@yopmail.com,Babita.Tryck@gmail.com,firefighter
1014,Sarette,Sikorski,Sarette.Sikorski@yopmail.com,Sarette.Sikorski@gmail.com,developer
1015,Starla,Emmaline,Starla.Emmaline@yopmail.com,Starla.Emmaline@gmail.com,police officer
1016,Zondra,Maples,Zondra.Maples@yopmail.com,Zondra.Maples@gmail.com,developer
1017,Ginnie,Behre,Ginnie.Behre@yopmail.com,Ginnie.Behre@gmail.com,firefighter
1018,Nannie,Hamil,Nannie.Hamil@yopmail.com,Nannie.Hamil@gmail.com,worker
1019,Gianina,Arne,Gianina.Arne@yopmail.com,Gianina.Arne@gmail.com,firefighter
1020,Arabel,Joeann,Arabel.Joeann@yopmail.com,Arabel.Joeann@gmail.com,worker
1021,Suzette,Lorenz,Suzette.Lorenz@yopmail.com,Suzette.Lorenz@gmail.com,police officer
1022,Gianina,Reinke,Gianina.Reinke@yopmail.com,Gianina.Reinke@gmail.com,developer
1023,Dominga,Horan,Dominga.Horan@yopmail.com,Dominga.Horan@gmail.com,doctor
1024,Vivia,Read,Vivia.Read@yopmail.com,Vivia.Read@gmail.com,worker
1025,Tabbatha,Juan,Tabbatha.Juan@yopmail.com,Tabbatha.Juan@gmail.com,developer
1026,Hayley,Campball,Hayley.Campball@yopmail.com,Hayley.Campball@gmail.com,worker
1027,Sheelagh,Sasnett,Sheelagh.Sasnett@yopmail.com,Sheelagh.Sasnett@gmail.com,developer
1028,Esmeralda,Voletta,Esmeralda.Voletta@yopmail.com,Esmeralda.Voletta@gmail.com,developer
1029,Kirstin,Frendel,Kirstin.Frendel@yopmail.com,Kirstin.Frendel@gmail.com,firefighter
1030,Kristina,Brenn,Kristina.Brenn@yopmail.com,Kristina.Brenn@gmail.com,firefighter
1031,Janey,Chinua,Janey.Chinua@yopmail.com,Janey.Chinua@gmail.com,doctor
1032,Rochette,Rhu,Rochette.Rhu@yopmail.com,Rochette.Rhu@gmail.com,police officer
1033,Andree,Kiersten,Andree.Kiersten@yopmail.com,Andree.Kiersten@gmail.com,doctor
1034,Mallory,Stuart,Mallory.Stuart@yopmail.com,Mallory.Stuart@gmail.com,developer
1035,Alexine,Tyson,Alexine.Tyson@yopmail.com,Alexine.Tyson@gmail.com,doctor
1036,Edee,Liva,Edee.Liva@yopmail.com,Edee.Liva@gmail.com,developer
1037,Letizia,Lytton,Letizia.Lytton@yopmail.com,Letizia.Lytton@gmail.com,doctor
1038,Dale,Cath,Dale.Cath@yopmail.com,Dale.Cath@gmail.com,doctor
1039,Deedee,Sigfrid,Deedee.Sigfrid@yopmail.com,Deedee.Sigfrid@gmail.com,developer
1040,Deedee,Norvol,Deedee.Norvol@yopmail.com,Deedee.Norvol@gmail.com,firefighter
1041,Rosene,Valerio,Rosene.Valerio@yopmail.com,Rosene.Valerio@gmail.com,doctor
1042,Clementine,Adamsen,Clementine.Adamsen@yopmail.com,Clementine.Adamsen@gmail.com,police officer
1043,Aili,Garek,Aili.Garek@yopmail.com,Aili.Garek@gmail.com,doctor
1044,Fawne,Lemuela,Fawne.Lemuela@yopmail.com,Fawne.Lemuela@gmail.com,worker
1045,Merle,Georgy,Merle.Georgy@yopmail.com,Merle.Georgy@gmail.com,developer
1046,Elvira,Sundin,Elvira.Sundin@yopmail.com,Elvira.Sundin@gmail.com,developer
1047,Eve,Berl,Eve.Berl@yopmail.com,Eve.Berl@gmail.com,police officer
1048,Linet,Myrilla,Linet.Myrilla@yopmail.com,Linet.Myrilla@gmail.com,police officer
1049,Pearline,Ivens,Pearline.Ivens@yopmail.com,Pearline.Ivens@gmail.com,firefighter
1050,Elfreda,Lay,Elfreda.Lay@yopmail.com,Elfreda.Lay@gmail.com,developer
1051,Alameda,Peti,Alameda.Peti@yopmail.com,Alameda.Peti@gmail.com,police officer
1052,Celisse,Whittaker,Celisse.Whittaker@yopmail.com,Celisse.Whittaker@gmail.com,firefighter
1053,Dode,Shields,Dode.Shields@yopmail.com,Dode.Shields@gmail.com,police officer
1054,Stacey,Waite,Stacey.Waite@yopmail.com,Stacey.Waite@gmail.com,doctor
1055,Robinia,Hillel,Robinia.Hillel@yopmail.com,Robinia.Hillel@gmail.com,developer
1056,Alameda,Pearse,Alameda.Pearse@yopmail.com,Alameda.Pearse@gmail.com,police officer
1057,Jaime,Hurley,Jaime.Hurley@yopmail.com,Jaime.Hurley@gmail.com,worker
1058,Rosaline,Sprage,Rosaline.Sprage@yopmail.com,Rosaline.Sprage@gmail.com,doctor
1059,Mellicent,Garlinda,Mellicent.Garlinda@yopmail.com,Mellicent.Garlinda@gmail.com,doctor
1060,Rozele,Jaylene,Rozele.Jaylene@yopmail.com,Rozele.Jaylene@gmail.com,firefighter
1061,Melisent,Janith,Melisent.Janith@yopmail.com,Melisent.Janith@gmail.com,doctor
1062,Cordi,Llovera,Cordi.Llovera@yopmail.com,Cordi.Llovera@gmail.com,police officer
1063,Cassondra,Wildermuth,Cassondra.Wildermuth@yopmail.com,Cassondra.Wildermuth@gmail.com,police officer
1064,Kylynn,Cimbura,Kylynn.Cimbura@yopmail.com,Kylynn.Cimbura@gmail.com,police officer
1065,Myriam,Dulciana,Myriam.Dulciana@yopmail.com,Myriam.Dulciana@gmail.com,police officer
1066,Lusa,Kussell,Lusa.Kussell@yopmail.com,Lusa.Kussell@gmail.com,doctor
1067,Tani,Miru,Tani.Miru@yopmail.com,Tani.Miru@gmail.com,worker
1068,Donetta,Chandler,Donetta.Chandler@yopmail.com,Donetta.Chandler@gmail.com,developer
1069,Ariela,Bartlett,Ariela.Bartlett@yopmail.com,Ariela.Bartlett@gmail.com,police officer
1070,Kathi,Parette,Kathi.Parette@yopmail.com,Kathi.Parette@gmail.com,firefighter
1071,Dacia,Tarrant,Dacia.Tarrant@yopmail.com,Dacia.Tarrant@gmail.com,firefighter
1072,Tilly,Valerio,Tilly.Valerio@yopmail.com,Tilly.Valerio@gmail.com,developer
1073,Lauryn,Azeria,Lauryn.Azeria@yopmail.com,Lauryn.Azeria@gmail.com,doctor
1074,Viki,Noman,Viki.Noman@yopmail.com,Viki.Noman@gmail.com,police officer
1075,Giustina,Sadowski,Giustina.Sadowski@yopmail.com,Giustina.Sadowski@gmail.com,worker
1076,Damaris,Maurine,Damaris.Maurine@yopmail.com,Damaris.Maurine@gmail.com,worker
1077,Catrina,Sawtelle,Catrina.Sawtelle@yopmail.com,Catrina.Sawtelle@gmail.com,firefighter
1078,Mathilda,Dorcy,Mathilda.Dorcy@yopmail.com,Mathilda.Dorcy@gmail.com,worker
1079,Lila,Edmund,Lila.Edmund@yopmail.com,Lila.Edmund@gmail.com,developer
1080,Marnia,Waldron,Marnia.Waldron@yopmail.com,Marnia.Waldron@gmail.com,worker
1081,Arlena,Geffner,Arlena.Geffner@yopmail.com,Arlena.Geffner@gmail.com,worker
1082,Nadine,Lemuela,Nadine.Lemuela@yopmail.com,Nadine.Lemuela@gmail.com,doctor
1083,Merci,Rossner,Merci.Rossner@yopmail.com,Merci.Rossner@gmail.com,firefighter
1084,Charlena,Wittie,Charlena.Wittie@yopmail.com,Charlena.Wittie@gmail.com,firefighter
1085,Bettine,Jarib,Bettine.Jarib@yopmail.com,Bettine.Jarib@gmail.com,police officer
1086,Chere,Tillford,Chere.Tillford@yopmail.com,Chere.Tillford@gmail.com,firefighter
1087,Violet,Carri,Violet.Carri@yopmail.com,Violet.Carri@gmail.com,police officer
1088,Marti,Borrell,Marti.Borrell@yopmail.com,Marti.Borrell@gmail.com,police officer
1089,Tamqrah,Angelis,Tamqrah.Angelis@yopmail.com,Tamqrah.Angelis@gmail.com,police officer
1090,Kristina,Martsen,Kristina.Martsen@yopmail.com,Kristina.Martsen@gmail.com,doctor
1091,Alameda,Autrey,Alameda.Autrey@yopmail.com,Alameda.Autrey@gmail.com,police officer
1092,Lindie,Hebner,Lindie.Hebner@yopmail.com,Lindie.Hebner@gmail.com,worker
1093,Caressa,Kelula,Caressa.Kelula@yopmail.com,Caressa.Kelula@gmail.com,firefighter
1094,Arlina,Anestassia,Arlina.Anestassia@yopmail.com,Arlina.Anestassia@gmail.com,police officer
1095,Modestia,Kiersten,Modestia.Kiersten@yopmail.com,Modestia.Kiersten@gmail.com,firefighter
1096,Bee,Dorothy,Bee.Dorothy@yopmail.com,Bee.Dorothy@gmail.com,police officer
1097,Neila,Carmena,Neila.Carmena@yopmail.com,Neila.Carmena@gmail.com,worker
1098,Roslyn,Pillsbury,Roslyn.Pillsbury@yopmail.com,Roslyn.Pillsbury@gmail.com,firefighter
1099,Roslyn,Aaberg,Roslyn.Aaberg@yopmail.com,Roslyn.Aaberg@gmail.com,doctor